image_path,seme,numero
output\10.cuori\1.jpg,cuori,10
output\10.cuori\2.jpg,cuori,10
output\10.cuori\3.jpg,cuori,10
output\10.cuori\4.jpg,cuori,10
output\10.cuori\5.jpg,cuori,10
output\10.cuori\6.jpg,cuori,10
output\10.cuori\7.jpg,cuori,10
output\10.cuori\8.jpg,cuori,10
output\10.cuori\9.jpg,cuori,10
output\10.cuori\10.jpg,cuori,10
output\10.cuori\11.jpg,cuori,10
output\10.cuori\12.jpg,cuori,10
output\10.cuori\13.jpg,cuori,10
output\10.cuori\14.jpg,cuori,10
output\10.cuori\15.jpg,cuori,10
output\10.cuori\16.jpg,cuori,10
output\10.cuori\17.jpg,cuori,10
output\10.cuori\18.jpg,cuori,10
output\10.cuori\19.jpg,cuori,10
output\10.cuori\20.jpg,cuori,10
output\10.cuori\21.jpg,cuori,10
output\10.cuori\22.jpg,cuori,10
output\10.cuori\23.jpg,cuori,10
output\10.cuori\24.jpg,cuori,10
output\10.cuori\25.jpg,cuori,10
output\10.cuori\26.jpg,cuori,10
output\10.cuori\27.jpg,cuori,10
output\10.cuori\28.jpg,cuori,10
output\10.cuori\29.jpg,cuori,10
output\10.cuori\30.jpg,cuori,10
output\10.cuori\31.jpg,cuori,10
output\10.cuori\32.jpg,cuori,10
output\10.cuori\33.jpg,cuori,10
output\10.cuori\34.jpg,cuori,10
output\10.cuori\35.jpg,cuori,10
output\10.cuori\36.jpg,cuori,10
output\10.cuori\37.jpg,cuori,10
output\10.cuori\38.jpg,cuori,10
output\10.cuori\39.jpg,cuori,10
output\10.cuori\40.jpg,cuori,10
output\10.cuori\41.jpg,cuori,10
output\10.cuori\42.jpg,cuori,10
output\10.cuori\43.jpg,cuori,10
output\10.cuori\44.jpg,cuori,10
output\10.cuori\45.jpg,cuori,10
output\10.cuori\46.jpg,cuori,10
output\10.cuori\47.jpg,cuori,10
output\10.cuori\48.jpg,cuori,10
output\10.cuori\49.jpg,cuori,10
output\10.cuori\50.jpg,cuori,10
output\10.fiori\1.jpg,fiori,10
output\10.fiori\2.jpg,fiori,10
output\10.fiori\3.jpg,fiori,10
output\10.fiori\4.jpg,fiori,10
output\10.fiori\5.jpg,fiori,10
output\10.fiori\6.jpg,fiori,10
output\10.fiori\7.jpg,fiori,10
output\10.fiori\8.jpg,fiori,10
output\10.fiori\9.jpg,fiori,10
output\10.fiori\10.jpg,fiori,10
output\10.fiori\11.jpg,fiori,10
output\10.fiori\12.jpg,fiori,10
output\10.fiori\13.jpg,fiori,10
output\10.fiori\14.jpg,fiori,10
output\10.fiori\15.jpg,fiori,10
output\10.fiori\16.jpg,fiori,10
output\10.fiori\17.jpg,fiori,10
output\10.fiori\18.jpg,fiori,10
output\10.fiori\19.jpg,fiori,10
output\10.fiori\20.jpg,fiori,10
output\10.fiori\21.jpg,fiori,10
output\10.fiori\22.jpg,fiori,10
output\10.fiori\23.jpg,fiori,10
output\10.fiori\24.jpg,fiori,10
output\10.fiori\25.jpg,fiori,10
output\10.fiori\26.jpg,fiori,10
output\10.fiori\27.jpg,fiori,10
output\10.fiori\28.jpg,fiori,10
output\10.fiori\29.jpg,fiori,10
output\10.fiori\30.jpg,fiori,10
output\10.fiori\31.jpg,fiori,10
output\10.fiori\32.jpg,fiori,10
output\10.fiori\33.jpg,fiori,10
output\10.fiori\34.jpg,fiori,10
output\10.fiori\35.jpg,fiori,10
output\10.fiori\36.jpg,fiori,10
output\10.fiori\37.jpg,fiori,10
output\10.fiori\38.jpg,fiori,10
output\10.fiori\39.jpg,fiori,10
output\10.fiori\40.jpg,fiori,10
output\10.fiori\41.jpg,fiori,10
output\10.fiori\42.jpg,fiori,10
output\10.fiori\43.jpg,fiori,10
output\10.fiori\44.jpg,fiori,10
output\10.fiori\45.jpg,fiori,10
output\10.fiori\46.jpg,fiori,10
output\10.fiori\47.jpg,fiori,10
output\10.fiori\48.jpg,fiori,10
output\10.fiori\49.jpg,fiori,10
output\10.fiori\50.jpg,fiori,10
output\10.picche\1.jpg,picche,10
output\10.picche\2.jpg,picche,10
output\10.picche\3.jpg,picche,10
output\10.picche\4.jpg,picche,10
output\10.picche\5.jpg,picche,10
output\10.picche\6.jpg,picche,10
output\10.picche\7.jpg,picche,10
output\10.picche\8.jpg,picche,10
output\10.picche\9.jpg,picche,10
output\10.picche\10.jpg,picche,10
output\10.picche\11.jpg,picche,10
output\10.picche\12.jpg,picche,10
output\10.picche\13.jpg,picche,10
output\10.picche\14.jpg,picche,10
output\10.picche\15.jpg,picche,10
output\10.picche\16.jpg,picche,10
output\10.picche\17.jpg,picche,10
output\10.picche\18.jpg,picche,10
output\10.picche\19.jpg,picche,10
output\10.picche\20.jpg,picche,10
output\10.picche\21.jpg,picche,10
output\10.picche\22.jpg,picche,10
output\10.picche\23.jpg,picche,10
output\10.picche\24.jpg,picche,10
output\10.picche\25.jpg,picche,10
output\10.picche\26.jpg,picche,10
output\10.picche\27.jpg,picche,10
output\10.picche\28.jpg,picche,10
output\10.picche\29.jpg,picche,10
output\10.picche\30.jpg,picche,10
output\10.picche\31.jpg,picche,10
output\10.picche\32.jpg,picche,10
output\10.picche\33.jpg,picche,10
output\10.picche\34.jpg,picche,10
output\10.picche\35.jpg,picche,10
output\10.picche\36.jpg,picche,10
output\10.picche\37.jpg,picche,10
output\10.picche\38.jpg,picche,10
output\10.picche\39.jpg,picche,10
output\10.picche\40.jpg,picche,10
output\10.picche\41.jpg,picche,10
output\10.picche\42.jpg,picche,10
output\10.picche\43.jpg,picche,10
output\10.picche\44.jpg,picche,10
output\10.picche\45.jpg,picche,10
output\10.picche\46.jpg,picche,10
output\10.picche\47.jpg,picche,10
output\10.picche\48.jpg,picche,10
output\10.picche\49.jpg,picche,10
output\10.picche\50.jpg,picche,10
output\10.quadri\1.jpg,quadri,10
output\10.quadri\2.jpg,quadri,10
output\10.quadri\3.jpg,quadri,10
output\10.quadri\4.jpg,quadri,10
output\10.quadri\5.jpg,quadri,10
output\10.quadri\6.jpg,quadri,10
output\10.quadri\7.jpg,quadri,10
output\10.quadri\8.jpg,quadri,10
output\10.quadri\9.jpg,quadri,10
output\10.quadri\10.jpg,quadri,10
output\10.quadri\11.jpg,quadri,10
output\10.quadri\12.jpg,quadri,10
output\10.quadri\13.jpg,quadri,10
output\10.quadri\14.jpg,quadri,10
output\10.quadri\15.jpg,quadri,10
output\10.quadri\16.jpg,quadri,10
output\10.quadri\17.jpg,quadri,10
output\10.quadri\18.jpg,quadri,10
output\10.quadri\19.jpg,quadri,10
output\10.quadri\20.jpg,quadri,10
output\10.quadri\21.jpg,quadri,10
output\10.quadri\22.jpg,quadri,10
output\10.quadri\23.jpg,quadri,10
output\10.quadri\24.jpg,quadri,10
output\10.quadri\25.jpg,quadri,10
output\10.quadri\26.jpg,quadri,10
output\10.quadri\27.jpg,quadri,10
output\10.quadri\28.jpg,quadri,10
output\10.quadri\29.jpg,quadri,10
output\10.quadri\30.jpg,quadri,10
output\10.quadri\31.jpg,quadri,10
output\10.quadri\32.jpg,quadri,10
output\10.quadri\33.jpg,quadri,10
output\10.quadri\34.jpg,quadri,10
output\10.quadri\35.jpg,quadri,10
output\10.quadri\36.jpg,quadri,10
output\10.quadri\37.jpg,quadri,10
output\10.quadri\38.jpg,quadri,10
output\10.quadri\39.jpg,quadri,10
output\10.quadri\40.jpg,quadri,10
output\10.quadri\41.jpg,quadri,10
output\10.quadri\42.jpg,quadri,10
output\10.quadri\43.jpg,quadri,10
output\10.quadri\44.jpg,quadri,10
output\10.quadri\45.jpg,quadri,10
output\10.quadri\46.jpg,quadri,10
output\10.quadri\47.jpg,quadri,10
output\10.quadri\48.jpg,quadri,10
output\10.quadri\49.jpg,quadri,10
output\10.quadri\50.jpg,quadri,10
output\2.cuori\1.jpg,cuori,2
output\2.cuori\2.jpg,cuori,2
output\2.cuori\3.jpg,cuori,2
output\2.cuori\4.jpg,cuori,2
output\2.cuori\5.jpg,cuori,2
output\2.cuori\6.jpg,cuori,2
output\2.cuori\7.jpg,cuori,2
output\2.cuori\8.jpg,cuori,2
output\2.cuori\9.jpg,cuori,2
output\2.cuori\10.jpg,cuori,2
output\2.cuori\11.jpg,cuori,2
output\2.cuori\12.jpg,cuori,2
output\2.cuori\13.jpg,cuori,2
output\2.cuori\14.jpg,cuori,2
output\2.cuori\15.jpg,cuori,2
output\2.cuori\16.jpg,cuori,2
output\2.cuori\17.jpg,cuori,2
output\2.cuori\18.jpg,cuori,2
output\2.cuori\19.jpg,cuori,2
output\2.cuori\20.jpg,cuori,2
output\2.cuori\21.jpg,cuori,2
output\2.cuori\22.jpg,cuori,2
output\2.cuori\23.jpg,cuori,2
output\2.cuori\24.jpg,cuori,2
output\2.cuori\25.jpg,cuori,2
output\2.cuori\26.jpg,cuori,2
output\2.cuori\27.jpg,cuori,2
output\2.cuori\28.jpg,cuori,2
output\2.cuori\29.jpg,cuori,2
output\2.cuori\30.jpg,cuori,2
output\2.cuori\31.jpg,cuori,2
output\2.cuori\32.jpg,cuori,2
output\2.cuori\33.jpg,cuori,2
output\2.cuori\34.jpg,cuori,2
output\2.cuori\35.jpg,cuori,2
output\2.cuori\36.jpg,cuori,2
output\2.cuori\37.jpg,cuori,2
output\2.cuori\38.jpg,cuori,2
output\2.cuori\39.jpg,cuori,2
output\2.cuori\40.jpg,cuori,2
output\2.cuori\41.jpg,cuori,2
output\2.cuori\42.jpg,cuori,2
output\2.cuori\43.jpg,cuori,2
output\2.cuori\44.jpg,cuori,2
output\2.cuori\45.jpg,cuori,2
output\2.cuori\46.jpg,cuori,2
output\2.cuori\47.jpg,cuori,2
output\2.cuori\48.jpg,cuori,2
output\2.cuori\49.jpg,cuori,2
output\2.cuori\50.jpg,cuori,2
output\2.fiori\1.jpg,fiori,2
output\2.fiori\2.jpg,fiori,2
output\2.fiori\3.jpg,fiori,2
output\2.fiori\4.jpg,fiori,2
output\2.fiori\5.jpg,fiori,2
output\2.fiori\6.jpg,fiori,2
output\2.fiori\7.jpg,fiori,2
output\2.fiori\8.jpg,fiori,2
output\2.fiori\9.jpg,fiori,2
output\2.fiori\10.jpg,fiori,2
output\2.fiori\11.jpg,fiori,2
output\2.fiori\12.jpg,fiori,2
output\2.fiori\13.jpg,fiori,2
output\2.fiori\14.jpg,fiori,2
output\2.fiori\15.jpg,fiori,2
output\2.fiori\16.jpg,fiori,2
output\2.fiori\17.jpg,fiori,2
output\2.fiori\18.jpg,fiori,2
output\2.fiori\19.jpg,fiori,2
output\2.fiori\20.jpg,fiori,2
output\2.fiori\21.jpg,fiori,2
output\2.fiori\22.jpg,fiori,2
output\2.fiori\23.jpg,fiori,2
output\2.fiori\24.jpg,fiori,2
output\2.fiori\25.jpg,fiori,2
output\2.fiori\26.jpg,fiori,2
output\2.fiori\27.jpg,fiori,2
output\2.fiori\28.jpg,fiori,2
output\2.fiori\29.jpg,fiori,2
output\2.fiori\30.jpg,fiori,2
output\2.fiori\31.jpg,fiori,2
output\2.fiori\32.jpg,fiori,2
output\2.fiori\33.jpg,fiori,2
output\2.fiori\34.jpg,fiori,2
output\2.fiori\35.jpg,fiori,2
output\2.fiori\36.jpg,fiori,2
output\2.fiori\37.jpg,fiori,2
output\2.fiori\38.jpg,fiori,2
output\2.fiori\39.jpg,fiori,2
output\2.fiori\40.jpg,fiori,2
output\2.fiori\41.jpg,fiori,2
output\2.fiori\42.jpg,fiori,2
output\2.fiori\43.jpg,fiori,2
output\2.fiori\44.jpg,fiori,2
output\2.fiori\45.jpg,fiori,2
output\2.fiori\46.jpg,fiori,2
output\2.fiori\47.jpg,fiori,2
output\2.fiori\48.jpg,fiori,2
output\2.fiori\49.jpg,fiori,2
output\2.fiori\50.jpg,fiori,2
output\2.picche\1.jpg,picche,2
output\2.picche\2.jpg,picche,2
output\2.picche\3.jpg,picche,2
output\2.picche\4.jpg,picche,2
output\2.picche\5.jpg,picche,2
output\2.picche\6.jpg,picche,2
output\2.picche\7.jpg,picche,2
output\2.picche\8.jpg,picche,2
output\2.picche\9.jpg,picche,2
output\2.picche\10.jpg,picche,2
output\2.picche\11.jpg,picche,2
output\2.picche\12.jpg,picche,2
output\2.picche\13.jpg,picche,2
output\2.picche\14.jpg,picche,2
output\2.picche\15.jpg,picche,2
output\2.picche\16.jpg,picche,2
output\2.picche\17.jpg,picche,2
output\2.picche\18.jpg,picche,2
output\2.picche\19.jpg,picche,2
output\2.picche\20.jpg,picche,2
output\2.picche\21.jpg,picche,2
output\2.picche\22.jpg,picche,2
output\2.picche\23.jpg,picche,2
output\2.picche\24.jpg,picche,2
output\2.picche\25.jpg,picche,2
output\2.picche\26.jpg,picche,2
output\2.picche\27.jpg,picche,2
output\2.picche\28.jpg,picche,2
output\2.picche\29.jpg,picche,2
output\2.picche\30.jpg,picche,2
output\2.picche\31.jpg,picche,2
output\2.picche\32.jpg,picche,2
output\2.picche\33.jpg,picche,2
output\2.picche\34.jpg,picche,2
output\2.picche\35.jpg,picche,2
output\2.picche\36.jpg,picche,2
output\2.picche\37.jpg,picche,2
output\2.picche\38.jpg,picche,2
output\2.picche\39.jpg,picche,2
output\2.picche\40.jpg,picche,2
output\2.picche\41.jpg,picche,2
output\2.picche\42.jpg,picche,2
output\2.picche\43.jpg,picche,2
output\2.picche\44.jpg,picche,2
output\2.picche\45.jpg,picche,2
output\2.picche\46.jpg,picche,2
output\2.picche\47.jpg,picche,2
output\2.picche\48.jpg,picche,2
output\2.picche\49.jpg,picche,2
output\2.picche\50.jpg,picche,2
output\2.quadri\1.jpg,quadri,2
output\2.quadri\2.jpg,quadri,2
output\2.quadri\3.jpg,quadri,2
output\2.quadri\4.jpg,quadri,2
output\2.quadri\5.jpg,quadri,2
output\2.quadri\6.jpg,quadri,2
output\2.quadri\7.jpg,quadri,2
output\2.quadri\8.jpg,quadri,2
output\2.quadri\9.jpg,quadri,2
output\2.quadri\10.jpg,quadri,2
output\2.quadri\11.jpg,quadri,2
output\2.quadri\12.jpg,quadri,2
output\2.quadri\13.jpg,quadri,2
output\2.quadri\14.jpg,quadri,2
output\2.quadri\15.jpg,quadri,2
output\2.quadri\16.jpg,quadri,2
output\2.quadri\17.jpg,quadri,2
output\2.quadri\18.jpg,quadri,2
output\2.quadri\19.jpg,quadri,2
output\2.quadri\20.jpg,quadri,2
output\2.quadri\21.jpg,quadri,2
output\2.quadri\22.jpg,quadri,2
output\2.quadri\23.jpg,quadri,2
output\2.quadri\24.jpg,quadri,2
output\2.quadri\25.jpg,quadri,2
output\2.quadri\26.jpg,quadri,2
output\2.quadri\27.jpg,quadri,2
output\2.quadri\28.jpg,quadri,2
output\2.quadri\29.jpg,quadri,2
output\2.quadri\30.jpg,quadri,2
output\2.quadri\31.jpg,quadri,2
output\2.quadri\32.jpg,quadri,2
output\2.quadri\33.jpg,quadri,2
output\2.quadri\34.jpg,quadri,2
output\2.quadri\35.jpg,quadri,2
output\2.quadri\36.jpg,quadri,2
output\2.quadri\37.jpg,quadri,2
output\2.quadri\38.jpg,quadri,2
output\2.quadri\39.jpg,quadri,2
output\2.quadri\40.jpg,quadri,2
output\2.quadri\41.jpg,quadri,2
output\2.quadri\42.jpg,quadri,2
output\2.quadri\43.jpg,quadri,2
output\2.quadri\44.jpg,quadri,2
output\2.quadri\45.jpg,quadri,2
output\2.quadri\46.jpg,quadri,2
output\2.quadri\47.jpg,quadri,2
output\2.quadri\48.jpg,quadri,2
output\2.quadri\49.jpg,quadri,2
output\2.quadri\50.jpg,quadri,2
output\3.cuori\1.jpg,cuori,3
output\3.cuori\2.jpg,cuori,3
output\3.cuori\3.jpg,cuori,3
output\3.cuori\4.jpg,cuori,3
output\3.cuori\5.jpg,cuori,3
output\3.cuori\6.jpg,cuori,3
output\3.cuori\7.jpg,cuori,3
output\3.cuori\8.jpg,cuori,3
output\3.cuori\9.jpg,cuori,3
output\3.cuori\10.jpg,cuori,3
output\3.cuori\11.jpg,cuori,3
output\3.cuori\12.jpg,cuori,3
output\3.cuori\13.jpg,cuori,3
output\3.cuori\14.jpg,cuori,3
output\3.cuori\15.jpg,cuori,3
output\3.cuori\16.jpg,cuori,3
output\3.cuori\17.jpg,cuori,3
output\3.cuori\18.jpg,cuori,3
output\3.cuori\19.jpg,cuori,3
output\3.cuori\20.jpg,cuori,3
output\3.cuori\21.jpg,cuori,3
output\3.cuori\22.jpg,cuori,3
output\3.cuori\23.jpg,cuori,3
output\3.cuori\24.jpg,cuori,3
output\3.cuori\25.jpg,cuori,3
output\3.cuori\26.jpg,cuori,3
output\3.cuori\27.jpg,cuori,3
output\3.cuori\28.jpg,cuori,3
output\3.cuori\29.jpg,cuori,3
output\3.cuori\30.jpg,cuori,3
output\3.cuori\31.jpg,cuori,3
output\3.cuori\32.jpg,cuori,3
output\3.cuori\33.jpg,cuori,3
output\3.cuori\34.jpg,cuori,3
output\3.cuori\35.jpg,cuori,3
output\3.cuori\36.jpg,cuori,3
output\3.cuori\37.jpg,cuori,3
output\3.cuori\38.jpg,cuori,3
output\3.cuori\39.jpg,cuori,3
output\3.cuori\40.jpg,cuori,3
output\3.cuori\41.jpg,cuori,3
output\3.cuori\42.jpg,cuori,3
output\3.cuori\43.jpg,cuori,3
output\3.cuori\44.jpg,cuori,3
output\3.cuori\45.jpg,cuori,3
output\3.cuori\46.jpg,cuori,3
output\3.cuori\47.jpg,cuori,3
output\3.cuori\48.jpg,cuori,3
output\3.cuori\49.jpg,cuori,3
output\3.cuori\50.jpg,cuori,3
output\3.fiori\1.jpg,fiori,3
output\3.fiori\2.jpg,fiori,3
output\3.fiori\3.jpg,fiori,3
output\3.fiori\4.jpg,fiori,3
output\3.fiori\5.jpg,fiori,3
output\3.fiori\6.jpg,fiori,3
output\3.fiori\7.jpg,fiori,3
output\3.fiori\8.jpg,fiori,3
output\3.fiori\9.jpg,fiori,3
output\3.fiori\10.jpg,fiori,3
output\3.fiori\11.jpg,fiori,3
output\3.fiori\12.jpg,fiori,3
output\3.fiori\13.jpg,fiori,3
output\3.fiori\14.jpg,fiori,3
output\3.fiori\15.jpg,fiori,3
output\3.fiori\16.jpg,fiori,3
output\3.fiori\17.jpg,fiori,3
output\3.fiori\18.jpg,fiori,3
output\3.fiori\19.jpg,fiori,3
output\3.fiori\20.jpg,fiori,3
output\3.fiori\21.jpg,fiori,3
output\3.fiori\22.jpg,fiori,3
output\3.fiori\23.jpg,fiori,3
output\3.fiori\24.jpg,fiori,3
output\3.fiori\25.jpg,fiori,3
output\3.fiori\26.jpg,fiori,3
output\3.fiori\27.jpg,fiori,3
output\3.fiori\28.jpg,fiori,3
output\3.fiori\29.jpg,fiori,3
output\3.fiori\30.jpg,fiori,3
output\3.fiori\31.jpg,fiori,3
output\3.fiori\32.jpg,fiori,3
output\3.fiori\33.jpg,fiori,3
output\3.fiori\34.jpg,fiori,3
output\3.fiori\35.jpg,fiori,3
output\3.fiori\36.jpg,fiori,3
output\3.fiori\37.jpg,fiori,3
output\3.fiori\38.jpg,fiori,3
output\3.fiori\39.jpg,fiori,3
output\3.fiori\40.jpg,fiori,3
output\3.fiori\41.jpg,fiori,3
output\3.fiori\42.jpg,fiori,3
output\3.fiori\43.jpg,fiori,3
output\3.fiori\44.jpg,fiori,3
output\3.fiori\45.jpg,fiori,3
output\3.fiori\46.jpg,fiori,3
output\3.fiori\47.jpg,fiori,3
output\3.fiori\48.jpg,fiori,3
output\3.fiori\49.jpg,fiori,3
output\3.fiori\50.jpg,fiori,3
output\3.picche\1.jpg,picche,3
output\3.picche\2.jpg,picche,3
output\3.picche\3.jpg,picche,3
output\3.picche\4.jpg,picche,3
output\3.picche\5.jpg,picche,3
output\3.picche\6.jpg,picche,3
output\3.picche\7.jpg,picche,3
output\3.picche\8.jpg,picche,3
output\3.picche\9.jpg,picche,3
output\3.picche\10.jpg,picche,3
output\3.picche\11.jpg,picche,3
output\3.picche\12.jpg,picche,3
output\3.picche\13.jpg,picche,3
output\3.picche\14.jpg,picche,3
output\3.picche\15.jpg,picche,3
output\3.picche\16.jpg,picche,3
output\3.picche\17.jpg,picche,3
output\3.picche\18.jpg,picche,3
output\3.picche\19.jpg,picche,3
output\3.picche\20.jpg,picche,3
output\3.picche\21.jpg,picche,3
output\3.picche\22.jpg,picche,3
output\3.picche\23.jpg,picche,3
output\3.picche\24.jpg,picche,3
output\3.picche\25.jpg,picche,3
output\3.picche\26.jpg,picche,3
output\3.picche\27.jpg,picche,3
output\3.picche\28.jpg,picche,3
output\3.picche\29.jpg,picche,3
output\3.picche\30.jpg,picche,3
output\3.picche\31.jpg,picche,3
output\3.picche\32.jpg,picche,3
output\3.picche\33.jpg,picche,3
output\3.picche\34.jpg,picche,3
output\3.picche\35.jpg,picche,3
output\3.picche\36.jpg,picche,3
output\3.picche\37.jpg,picche,3
output\3.picche\38.jpg,picche,3
output\3.picche\39.jpg,picche,3
output\3.picche\40.jpg,picche,3
output\3.picche\41.jpg,picche,3
output\3.picche\42.jpg,picche,3
output\3.picche\43.jpg,picche,3
output\3.picche\44.jpg,picche,3
output\3.picche\45.jpg,picche,3
output\3.picche\46.jpg,picche,3
output\3.picche\47.jpg,picche,3
output\3.picche\48.jpg,picche,3
output\3.picche\49.jpg,picche,3
output\3.picche\50.jpg,picche,3
output\3.quadri\1.jpg,quadri,3
output\3.quadri\2.jpg,quadri,3
output\3.quadri\3.jpg,quadri,3
output\3.quadri\4.jpg,quadri,3
output\3.quadri\5.jpg,quadri,3
output\3.quadri\6.jpg,quadri,3
output\3.quadri\7.jpg,quadri,3
output\3.quadri\8.jpg,quadri,3
output\3.quadri\9.jpg,quadri,3
output\3.quadri\10.jpg,quadri,3
output\3.quadri\11.jpg,quadri,3
output\3.quadri\12.jpg,quadri,3
output\3.quadri\13.jpg,quadri,3
output\3.quadri\14.jpg,quadri,3
output\3.quadri\15.jpg,quadri,3
output\3.quadri\16.jpg,quadri,3
output\3.quadri\17.jpg,quadri,3
output\3.quadri\18.jpg,quadri,3
output\3.quadri\19.jpg,quadri,3
output\3.quadri\20.jpg,quadri,3
output\3.quadri\21.jpg,quadri,3
output\3.quadri\22.jpg,quadri,3
output\3.quadri\23.jpg,quadri,3
output\3.quadri\24.jpg,quadri,3
output\3.quadri\25.jpg,quadri,3
output\3.quadri\26.jpg,quadri,3
output\3.quadri\27.jpg,quadri,3
output\3.quadri\28.jpg,quadri,3
output\3.quadri\29.jpg,quadri,3
output\3.quadri\30.jpg,quadri,3
output\3.quadri\31.jpg,quadri,3
output\3.quadri\32.jpg,quadri,3
output\3.quadri\33.jpg,quadri,3
output\3.quadri\34.jpg,quadri,3
output\3.quadri\35.jpg,quadri,3
output\3.quadri\36.jpg,quadri,3
output\3.quadri\37.jpg,quadri,3
output\3.quadri\38.jpg,quadri,3
output\3.quadri\39.jpg,quadri,3
output\3.quadri\40.jpg,quadri,3
output\3.quadri\41.jpg,quadri,3
output\3.quadri\42.jpg,quadri,3
output\3.quadri\43.jpg,quadri,3
output\3.quadri\44.jpg,quadri,3
output\3.quadri\45.jpg,quadri,3
output\3.quadri\46.jpg,quadri,3
output\3.quadri\47.jpg,quadri,3
output\3.quadri\48.jpg,quadri,3
output\3.quadri\49.jpg,quadri,3
output\3.quadri\50.jpg,quadri,3
output\4.cuori\1.jpg,cuori,4
output\4.cuori\2.jpg,cuori,4
output\4.cuori\3.jpg,cuori,4
output\4.cuori\4.jpg,cuori,4
output\4.cuori\5.jpg,cuori,4
output\4.cuori\6.jpg,cuori,4
output\4.cuori\7.jpg,cuori,4
output\4.cuori\8.jpg,cuori,4
output\4.cuori\9.jpg,cuori,4
output\4.cuori\10.jpg,cuori,4
output\4.cuori\11.jpg,cuori,4
output\4.cuori\12.jpg,cuori,4
output\4.cuori\13.jpg,cuori,4
output\4.cuori\14.jpg,cuori,4
output\4.cuori\15.jpg,cuori,4
output\4.cuori\16.jpg,cuori,4
output\4.cuori\17.jpg,cuori,4
output\4.cuori\18.jpg,cuori,4
output\4.cuori\19.jpg,cuori,4
output\4.cuori\20.jpg,cuori,4
output\4.cuori\21.jpg,cuori,4
output\4.cuori\22.jpg,cuori,4
output\4.cuori\23.jpg,cuori,4
output\4.cuori\24.jpg,cuori,4
output\4.cuori\25.jpg,cuori,4
output\4.cuori\26.jpg,cuori,4
output\4.cuori\27.jpg,cuori,4
output\4.cuori\28.jpg,cuori,4
output\4.cuori\29.jpg,cuori,4
output\4.cuori\30.jpg,cuori,4
output\4.cuori\31.jpg,cuori,4
output\4.cuori\32.jpg,cuori,4
output\4.cuori\33.jpg,cuori,4
output\4.cuori\34.jpg,cuori,4
output\4.cuori\35.jpg,cuori,4
output\4.cuori\36.jpg,cuori,4
output\4.cuori\37.jpg,cuori,4
output\4.cuori\38.jpg,cuori,4
output\4.cuori\39.jpg,cuori,4
output\4.cuori\40.jpg,cuori,4
output\4.cuori\41.jpg,cuori,4
output\4.cuori\42.jpg,cuori,4
output\4.cuori\43.jpg,cuori,4
output\4.cuori\44.jpg,cuori,4
output\4.cuori\45.jpg,cuori,4
output\4.cuori\46.jpg,cuori,4
output\4.cuori\47.jpg,cuori,4
output\4.cuori\48.jpg,cuori,4
output\4.cuori\49.jpg,cuori,4
output\4.cuori\50.jpg,cuori,4
output\4.fiori\1.jpg,fiori,4
output\4.fiori\2.jpg,fiori,4
output\4.fiori\3.jpg,fiori,4
output\4.fiori\4.jpg,fiori,4
output\4.fiori\5.jpg,fiori,4
output\4.fiori\6.jpg,fiori,4
output\4.fiori\7.jpg,fiori,4
output\4.fiori\8.jpg,fiori,4
output\4.fiori\9.jpg,fiori,4
output\4.fiori\10.jpg,fiori,4
output\4.fiori\11.jpg,fiori,4
output\4.fiori\12.jpg,fiori,4
output\4.fiori\13.jpg,fiori,4
output\4.fiori\14.jpg,fiori,4
output\4.fiori\15.jpg,fiori,4
output\4.fiori\16.jpg,fiori,4
output\4.fiori\17.jpg,fiori,4
output\4.fiori\18.jpg,fiori,4
output\4.fiori\19.jpg,fiori,4
output\4.fiori\20.jpg,fiori,4
output\4.fiori\21.jpg,fiori,4
output\4.fiori\22.jpg,fiori,4
output\4.fiori\23.jpg,fiori,4
output\4.fiori\24.jpg,fiori,4
output\4.fiori\25.jpg,fiori,4
output\4.fiori\26.jpg,fiori,4
output\4.fiori\27.jpg,fiori,4
output\4.fiori\28.jpg,fiori,4
output\4.fiori\29.jpg,fiori,4
output\4.fiori\30.jpg,fiori,4
output\4.fiori\31.jpg,fiori,4
output\4.fiori\32.jpg,fiori,4
output\4.fiori\33.jpg,fiori,4
output\4.fiori\34.jpg,fiori,4
output\4.fiori\35.jpg,fiori,4
output\4.fiori\36.jpg,fiori,4
output\4.fiori\37.jpg,fiori,4
output\4.fiori\38.jpg,fiori,4
output\4.fiori\39.jpg,fiori,4
output\4.fiori\40.jpg,fiori,4
output\4.fiori\41.jpg,fiori,4
output\4.fiori\42.jpg,fiori,4
output\4.fiori\43.jpg,fiori,4
output\4.fiori\44.jpg,fiori,4
output\4.fiori\45.jpg,fiori,4
output\4.fiori\46.jpg,fiori,4
output\4.fiori\47.jpg,fiori,4
output\4.fiori\48.jpg,fiori,4
output\4.fiori\49.jpg,fiori,4
output\4.fiori\50.jpg,fiori,4
output\4.picche\1.jpg,picche,4
output\4.picche\2.jpg,picche,4
output\4.picche\3.jpg,picche,4
output\4.picche\4.jpg,picche,4
output\4.picche\5.jpg,picche,4
output\4.picche\6.jpg,picche,4
output\4.picche\7.jpg,picche,4
output\4.picche\8.jpg,picche,4
output\4.picche\9.jpg,picche,4
output\4.picche\10.jpg,picche,4
output\4.picche\11.jpg,picche,4
output\4.picche\12.jpg,picche,4
output\4.picche\13.jpg,picche,4
output\4.picche\14.jpg,picche,4
output\4.picche\15.jpg,picche,4
output\4.picche\16.jpg,picche,4
output\4.picche\17.jpg,picche,4
output\4.picche\18.jpg,picche,4
output\4.picche\19.jpg,picche,4
output\4.picche\20.jpg,picche,4
output\4.picche\21.jpg,picche,4
output\4.picche\22.jpg,picche,4
output\4.picche\23.jpg,picche,4
output\4.picche\24.jpg,picche,4
output\4.picche\25.jpg,picche,4
output\4.picche\26.jpg,picche,4
output\4.picche\27.jpg,picche,4
output\4.picche\28.jpg,picche,4
output\4.picche\29.jpg,picche,4
output\4.picche\30.jpg,picche,4
output\4.picche\31.jpg,picche,4
output\4.picche\32.jpg,picche,4
output\4.picche\33.jpg,picche,4
output\4.picche\34.jpg,picche,4
output\4.picche\35.jpg,picche,4
output\4.picche\36.jpg,picche,4
output\4.picche\37.jpg,picche,4
output\4.picche\38.jpg,picche,4
output\4.picche\39.jpg,picche,4
output\4.picche\40.jpg,picche,4
output\4.picche\41.jpg,picche,4
output\4.picche\42.jpg,picche,4
output\4.picche\43.jpg,picche,4
output\4.picche\44.jpg,picche,4
output\4.picche\45.jpg,picche,4
output\4.picche\46.jpg,picche,4
output\4.picche\47.jpg,picche,4
output\4.picche\48.jpg,picche,4
output\4.picche\49.jpg,picche,4
output\4.picche\50.jpg,picche,4
output\4.quadri\1.jpg,quadri,4
output\4.quadri\2.jpg,quadri,4
output\4.quadri\3.jpg,quadri,4
output\4.quadri\4.jpg,quadri,4
output\4.quadri\5.jpg,quadri,4
output\4.quadri\6.jpg,quadri,4
output\4.quadri\7.jpg,quadri,4
output\4.quadri\8.jpg,quadri,4
output\4.quadri\9.jpg,quadri,4
output\4.quadri\10.jpg,quadri,4
output\4.quadri\11.jpg,quadri,4
output\4.quadri\12.jpg,quadri,4
output\4.quadri\13.jpg,quadri,4
output\4.quadri\14.jpg,quadri,4
output\4.quadri\15.jpg,quadri,4
output\4.quadri\16.jpg,quadri,4
output\4.quadri\17.jpg,quadri,4
output\4.quadri\18.jpg,quadri,4
output\4.quadri\19.jpg,quadri,4
output\4.quadri\20.jpg,quadri,4
output\4.quadri\21.jpg,quadri,4
output\4.quadri\22.jpg,quadri,4
output\4.quadri\23.jpg,quadri,4
output\4.quadri\24.jpg,quadri,4
output\4.quadri\25.jpg,quadri,4
output\4.quadri\26.jpg,quadri,4
output\4.quadri\27.jpg,quadri,4
output\4.quadri\28.jpg,quadri,4
output\4.quadri\29.jpg,quadri,4
output\4.quadri\30.jpg,quadri,4
output\4.quadri\31.jpg,quadri,4
output\4.quadri\32.jpg,quadri,4
output\4.quadri\33.jpg,quadri,4
output\4.quadri\34.jpg,quadri,4
output\4.quadri\35.jpg,quadri,4
output\4.quadri\36.jpg,quadri,4
output\4.quadri\37.jpg,quadri,4
output\4.quadri\38.jpg,quadri,4
output\4.quadri\39.jpg,quadri,4
output\4.quadri\40.jpg,quadri,4
output\4.quadri\41.jpg,quadri,4
output\4.quadri\42.jpg,quadri,4
output\4.quadri\43.jpg,quadri,4
output\4.quadri\44.jpg,quadri,4
output\4.quadri\45.jpg,quadri,4
output\4.quadri\46.jpg,quadri,4
output\4.quadri\47.jpg,quadri,4
output\4.quadri\48.jpg,quadri,4
output\4.quadri\49.jpg,quadri,4
output\4.quadri\50.jpg,quadri,4
output\5.cuori\1.jpg,cuori,5
output\5.cuori\2.jpg,cuori,5
output\5.cuori\3.jpg,cuori,5
output\5.cuori\4.jpg,cuori,5
output\5.cuori\5.jpg,cuori,5
output\5.cuori\6.jpg,cuori,5
output\5.cuori\7.jpg,cuori,5
output\5.cuori\8.jpg,cuori,5
output\5.cuori\9.jpg,cuori,5
output\5.cuori\10.jpg,cuori,5
output\5.cuori\11.jpg,cuori,5
output\5.cuori\12.jpg,cuori,5
output\5.cuori\13.jpg,cuori,5
output\5.cuori\14.jpg,cuori,5
output\5.cuori\15.jpg,cuori,5
output\5.cuori\16.jpg,cuori,5
output\5.cuori\17.jpg,cuori,5
output\5.cuori\18.jpg,cuori,5
output\5.cuori\19.jpg,cuori,5
output\5.cuori\20.jpg,cuori,5
output\5.cuori\21.jpg,cuori,5
output\5.cuori\22.jpg,cuori,5
output\5.cuori\23.jpg,cuori,5
output\5.cuori\24.jpg,cuori,5
output\5.cuori\25.jpg,cuori,5
output\5.cuori\26.jpg,cuori,5
output\5.cuori\27.jpg,cuori,5
output\5.cuori\28.jpg,cuori,5
output\5.cuori\29.jpg,cuori,5
output\5.cuori\30.jpg,cuori,5
output\5.cuori\31.jpg,cuori,5
output\5.cuori\32.jpg,cuori,5
output\5.cuori\33.jpg,cuori,5
output\5.cuori\34.jpg,cuori,5
output\5.cuori\35.jpg,cuori,5
output\5.cuori\36.jpg,cuori,5
output\5.cuori\37.jpg,cuori,5
output\5.cuori\38.jpg,cuori,5
output\5.cuori\39.jpg,cuori,5
output\5.cuori\40.jpg,cuori,5
output\5.cuori\41.jpg,cuori,5
output\5.cuori\42.jpg,cuori,5
output\5.cuori\43.jpg,cuori,5
output\5.cuori\44.jpg,cuori,5
output\5.cuori\45.jpg,cuori,5
output\5.cuori\46.jpg,cuori,5
output\5.cuori\47.jpg,cuori,5
output\5.cuori\48.jpg,cuori,5
output\5.cuori\49.jpg,cuori,5
output\5.cuori\50.jpg,cuori,5
output\5.fiori\1.jpg,fiori,5
output\5.fiori\2.jpg,fiori,5
output\5.fiori\3.jpg,fiori,5
output\5.fiori\4.jpg,fiori,5
output\5.fiori\5.jpg,fiori,5
output\5.fiori\6.jpg,fiori,5
output\5.fiori\7.jpg,fiori,5
output\5.fiori\8.jpg,fiori,5
output\5.fiori\9.jpg,fiori,5
output\5.fiori\10.jpg,fiori,5
output\5.fiori\11.jpg,fiori,5
output\5.fiori\12.jpg,fiori,5
output\5.fiori\13.jpg,fiori,5
output\5.fiori\14.jpg,fiori,5
output\5.fiori\15.jpg,fiori,5
output\5.fiori\16.jpg,fiori,5
output\5.fiori\17.jpg,fiori,5
output\5.fiori\18.jpg,fiori,5
output\5.fiori\19.jpg,fiori,5
output\5.fiori\20.jpg,fiori,5
output\5.fiori\21.jpg,fiori,5
output\5.fiori\22.jpg,fiori,5
output\5.fiori\23.jpg,fiori,5
output\5.fiori\24.jpg,fiori,5
output\5.fiori\25.jpg,fiori,5
output\5.fiori\26.jpg,fiori,5
output\5.fiori\27.jpg,fiori,5
output\5.fiori\28.jpg,fiori,5
output\5.fiori\29.jpg,fiori,5
output\5.fiori\30.jpg,fiori,5
output\5.fiori\31.jpg,fiori,5
output\5.fiori\32.jpg,fiori,5
output\5.fiori\33.jpg,fiori,5
output\5.fiori\34.jpg,fiori,5
output\5.fiori\35.jpg,fiori,5
output\5.fiori\36.jpg,fiori,5
output\5.fiori\37.jpg,fiori,5
output\5.fiori\38.jpg,fiori,5
output\5.fiori\39.jpg,fiori,5
output\5.fiori\40.jpg,fiori,5
output\5.fiori\41.jpg,fiori,5
output\5.fiori\42.jpg,fiori,5
output\5.fiori\43.jpg,fiori,5
output\5.fiori\44.jpg,fiori,5
output\5.fiori\45.jpg,fiori,5
output\5.fiori\46.jpg,fiori,5
output\5.fiori\47.jpg,fiori,5
output\5.fiori\48.jpg,fiori,5
output\5.fiori\49.jpg,fiori,5
output\5.fiori\50.jpg,fiori,5
output\5.picche\1.jpg,picche,5
output\5.picche\2.jpg,picche,5
output\5.picche\3.jpg,picche,5
output\5.picche\4.jpg,picche,5
output\5.picche\5.jpg,picche,5
output\5.picche\6.jpg,picche,5
output\5.picche\7.jpg,picche,5
output\5.picche\8.jpg,picche,5
output\5.picche\9.jpg,picche,5
output\5.picche\10.jpg,picche,5
output\5.picche\11.jpg,picche,5
output\5.picche\12.jpg,picche,5
output\5.picche\13.jpg,picche,5
output\5.picche\14.jpg,picche,5
output\5.picche\15.jpg,picche,5
output\5.picche\16.jpg,picche,5
output\5.picche\17.jpg,picche,5
output\5.picche\18.jpg,picche,5
output\5.picche\19.jpg,picche,5
output\5.picche\20.jpg,picche,5
output\5.picche\21.jpg,picche,5
output\5.picche\22.jpg,picche,5
output\5.picche\23.jpg,picche,5
output\5.picche\24.jpg,picche,5
output\5.picche\25.jpg,picche,5
output\5.picche\26.jpg,picche,5
output\5.picche\27.jpg,picche,5
output\5.picche\28.jpg,picche,5
output\5.picche\29.jpg,picche,5
output\5.picche\30.jpg,picche,5
output\5.picche\31.jpg,picche,5
output\5.picche\32.jpg,picche,5
output\5.picche\33.jpg,picche,5
output\5.picche\34.jpg,picche,5
output\5.picche\35.jpg,picche,5
output\5.picche\36.jpg,picche,5
output\5.picche\37.jpg,picche,5
output\5.picche\38.jpg,picche,5
output\5.picche\39.jpg,picche,5
output\5.picche\40.jpg,picche,5
output\5.picche\41.jpg,picche,5
output\5.picche\42.jpg,picche,5
output\5.picche\43.jpg,picche,5
output\5.picche\44.jpg,picche,5
output\5.picche\45.jpg,picche,5
output\5.picche\46.jpg,picche,5
output\5.picche\47.jpg,picche,5
output\5.picche\48.jpg,picche,5
output\5.picche\49.jpg,picche,5
output\5.picche\50.jpg,picche,5
output\5.quadri\1.jpg,quadri,5
output\5.quadri\2.jpg,quadri,5
output\5.quadri\3.jpg,quadri,5
output\5.quadri\4.jpg,quadri,5
output\5.quadri\5.jpg,quadri,5
output\5.quadri\6.jpg,quadri,5
output\5.quadri\7.jpg,quadri,5
output\5.quadri\8.jpg,quadri,5
output\5.quadri\9.jpg,quadri,5
output\5.quadri\10.jpg,quadri,5
output\5.quadri\11.jpg,quadri,5
output\5.quadri\12.jpg,quadri,5
output\5.quadri\13.jpg,quadri,5
output\5.quadri\14.jpg,quadri,5
output\5.quadri\15.jpg,quadri,5
output\5.quadri\16.jpg,quadri,5
output\5.quadri\17.jpg,quadri,5
output\5.quadri\18.jpg,quadri,5
output\5.quadri\19.jpg,quadri,5
output\5.quadri\20.jpg,quadri,5
output\5.quadri\21.jpg,quadri,5
output\5.quadri\22.jpg,quadri,5
output\5.quadri\23.jpg,quadri,5
output\5.quadri\24.jpg,quadri,5
output\5.quadri\25.jpg,quadri,5
output\5.quadri\26.jpg,quadri,5
output\5.quadri\27.jpg,quadri,5
output\5.quadri\28.jpg,quadri,5
output\5.quadri\29.jpg,quadri,5
output\5.quadri\30.jpg,quadri,5
output\5.quadri\31.jpg,quadri,5
output\5.quadri\32.jpg,quadri,5
output\5.quadri\33.jpg,quadri,5
output\5.quadri\34.jpg,quadri,5
output\5.quadri\35.jpg,quadri,5
output\5.quadri\36.jpg,quadri,5
output\5.quadri\37.jpg,quadri,5
output\5.quadri\38.jpg,quadri,5
output\5.quadri\39.jpg,quadri,5
output\5.quadri\40.jpg,quadri,5
output\5.quadri\41.jpg,quadri,5
output\5.quadri\42.jpg,quadri,5
output\5.quadri\43.jpg,quadri,5
output\5.quadri\44.jpg,quadri,5
output\5.quadri\45.jpg,quadri,5
output\5.quadri\46.jpg,quadri,5
output\5.quadri\47.jpg,quadri,5
output\5.quadri\48.jpg,quadri,5
output\5.quadri\49.jpg,quadri,5
output\5.quadri\50.jpg,quadri,5
output\6.cuori\1.jpg,cuori,6
output\6.cuori\2.jpg,cuori,6
output\6.cuori\3.jpg,cuori,6
output\6.cuori\4.jpg,cuori,6
output\6.cuori\5.jpg,cuori,6
output\6.cuori\6.jpg,cuori,6
output\6.cuori\7.jpg,cuori,6
output\6.cuori\8.jpg,cuori,6
output\6.cuori\9.jpg,cuori,6
output\6.cuori\10.jpg,cuori,6
output\6.cuori\11.jpg,cuori,6
output\6.cuori\12.jpg,cuori,6
output\6.cuori\13.jpg,cuori,6
output\6.cuori\14.jpg,cuori,6
output\6.cuori\15.jpg,cuori,6
output\6.cuori\16.jpg,cuori,6
output\6.cuori\17.jpg,cuori,6
output\6.cuori\18.jpg,cuori,6
output\6.cuori\19.jpg,cuori,6
output\6.cuori\20.jpg,cuori,6
output\6.cuori\21.jpg,cuori,6
output\6.cuori\22.jpg,cuori,6
output\6.cuori\23.jpg,cuori,6
output\6.cuori\24.jpg,cuori,6
output\6.cuori\25.jpg,cuori,6
output\6.cuori\26.jpg,cuori,6
output\6.cuori\27.jpg,cuori,6
output\6.cuori\28.jpg,cuori,6
output\6.cuori\29.jpg,cuori,6
output\6.cuori\30.jpg,cuori,6
output\6.cuori\31.jpg,cuori,6
output\6.cuori\32.jpg,cuori,6
output\6.cuori\33.jpg,cuori,6
output\6.cuori\34.jpg,cuori,6
output\6.cuori\35.jpg,cuori,6
output\6.cuori\36.jpg,cuori,6
output\6.cuori\37.jpg,cuori,6
output\6.cuori\38.jpg,cuori,6
output\6.cuori\39.jpg,cuori,6
output\6.cuori\40.jpg,cuori,6
output\6.cuori\41.jpg,cuori,6
output\6.cuori\42.jpg,cuori,6
output\6.cuori\43.jpg,cuori,6
output\6.cuori\44.jpg,cuori,6
output\6.cuori\45.jpg,cuori,6
output\6.cuori\46.jpg,cuori,6
output\6.cuori\47.jpg,cuori,6
output\6.cuori\48.jpg,cuori,6
output\6.cuori\49.jpg,cuori,6
output\6.cuori\50.jpg,cuori,6
output\6.fiori\1.jpg,fiori,6
output\6.fiori\2.jpg,fiori,6
output\6.fiori\3.jpg,fiori,6
output\6.fiori\4.jpg,fiori,6
output\6.fiori\5.jpg,fiori,6
output\6.fiori\6.jpg,fiori,6
output\6.fiori\7.jpg,fiori,6
output\6.fiori\8.jpg,fiori,6
output\6.fiori\9.jpg,fiori,6
output\6.fiori\10.jpg,fiori,6
output\6.fiori\11.jpg,fiori,6
output\6.fiori\12.jpg,fiori,6
output\6.fiori\13.jpg,fiori,6
output\6.fiori\14.jpg,fiori,6
output\6.fiori\15.jpg,fiori,6
output\6.fiori\16.jpg,fiori,6
output\6.fiori\17.jpg,fiori,6
output\6.fiori\18.jpg,fiori,6
output\6.fiori\19.jpg,fiori,6
output\6.fiori\20.jpg,fiori,6
output\6.fiori\21.jpg,fiori,6
output\6.fiori\22.jpg,fiori,6
output\6.fiori\23.jpg,fiori,6
output\6.fiori\24.jpg,fiori,6
output\6.fiori\25.jpg,fiori,6
output\6.fiori\26.jpg,fiori,6
output\6.fiori\27.jpg,fiori,6
output\6.fiori\28.jpg,fiori,6
output\6.fiori\29.jpg,fiori,6
output\6.fiori\30.jpg,fiori,6
output\6.fiori\31.jpg,fiori,6
output\6.fiori\32.jpg,fiori,6
output\6.fiori\33.jpg,fiori,6
output\6.fiori\34.jpg,fiori,6
output\6.fiori\35.jpg,fiori,6
output\6.fiori\36.jpg,fiori,6
output\6.fiori\37.jpg,fiori,6
output\6.fiori\38.jpg,fiori,6
output\6.fiori\39.jpg,fiori,6
output\6.fiori\40.jpg,fiori,6
output\6.fiori\41.jpg,fiori,6
output\6.fiori\42.jpg,fiori,6
output\6.fiori\43.jpg,fiori,6
output\6.fiori\44.jpg,fiori,6
output\6.fiori\45.jpg,fiori,6
output\6.fiori\46.jpg,fiori,6
output\6.fiori\47.jpg,fiori,6
output\6.fiori\48.jpg,fiori,6
output\6.fiori\49.jpg,fiori,6
output\6.fiori\50.jpg,fiori,6
output\6.picche\1.jpg,picche,6
output\6.picche\2.jpg,picche,6
output\6.picche\3.jpg,picche,6
output\6.picche\4.jpg,picche,6
output\6.picche\5.jpg,picche,6
output\6.picche\6.jpg,picche,6
output\6.picche\7.jpg,picche,6
output\6.picche\8.jpg,picche,6
output\6.picche\9.jpg,picche,6
output\6.picche\10.jpg,picche,6
output\6.picche\11.jpg,picche,6
output\6.picche\12.jpg,picche,6
output\6.picche\13.jpg,picche,6
output\6.picche\14.jpg,picche,6
output\6.picche\15.jpg,picche,6
output\6.picche\16.jpg,picche,6
output\6.picche\17.jpg,picche,6
output\6.picche\18.jpg,picche,6
output\6.picche\19.jpg,picche,6
output\6.picche\20.jpg,picche,6
output\6.picche\21.jpg,picche,6
output\6.picche\22.jpg,picche,6
output\6.picche\23.jpg,picche,6
output\6.picche\24.jpg,picche,6
output\6.picche\25.jpg,picche,6
output\6.picche\26.jpg,picche,6
output\6.picche\27.jpg,picche,6
output\6.picche\28.jpg,picche,6
output\6.picche\29.jpg,picche,6
output\6.picche\30.jpg,picche,6
output\6.picche\31.jpg,picche,6
output\6.picche\32.jpg,picche,6
output\6.picche\33.jpg,picche,6
output\6.picche\34.jpg,picche,6
output\6.picche\35.jpg,picche,6
output\6.picche\36.jpg,picche,6
output\6.picche\37.jpg,picche,6
output\6.picche\38.jpg,picche,6
output\6.picche\39.jpg,picche,6
output\6.picche\40.jpg,picche,6
output\6.picche\41.jpg,picche,6
output\6.picche\42.jpg,picche,6
output\6.picche\43.jpg,picche,6
output\6.picche\44.jpg,picche,6
output\6.picche\45.jpg,picche,6
output\6.picche\46.jpg,picche,6
output\6.picche\47.jpg,picche,6
output\6.picche\48.jpg,picche,6
output\6.picche\49.jpg,picche,6
output\6.picche\50.jpg,picche,6
output\6.quadri\1.jpg,quadri,6
output\6.quadri\2.jpg,quadri,6
output\6.quadri\3.jpg,quadri,6
output\6.quadri\4.jpg,quadri,6
output\6.quadri\5.jpg,quadri,6
output\6.quadri\6.jpg,quadri,6
output\6.quadri\7.jpg,quadri,6
output\6.quadri\8.jpg,quadri,6
output\6.quadri\9.jpg,quadri,6
output\6.quadri\10.jpg,quadri,6
output\6.quadri\11.jpg,quadri,6
output\6.quadri\12.jpg,quadri,6
output\6.quadri\13.jpg,quadri,6
output\6.quadri\14.jpg,quadri,6
output\6.quadri\15.jpg,quadri,6
output\6.quadri\16.jpg,quadri,6
output\6.quadri\17.jpg,quadri,6
output\6.quadri\18.jpg,quadri,6
output\6.quadri\19.jpg,quadri,6
output\6.quadri\20.jpg,quadri,6
output\6.quadri\21.jpg,quadri,6
output\6.quadri\22.jpg,quadri,6
output\6.quadri\23.jpg,quadri,6
output\6.quadri\24.jpg,quadri,6
output\6.quadri\25.jpg,quadri,6
output\6.quadri\26.jpg,quadri,6
output\6.quadri\27.jpg,quadri,6
output\6.quadri\28.jpg,quadri,6
output\6.quadri\29.jpg,quadri,6
output\6.quadri\30.jpg,quadri,6
output\6.quadri\31.jpg,quadri,6
output\6.quadri\32.jpg,quadri,6
output\6.quadri\33.jpg,quadri,6
output\6.quadri\34.jpg,quadri,6
output\6.quadri\35.jpg,quadri,6
output\6.quadri\36.jpg,quadri,6
output\6.quadri\37.jpg,quadri,6
output\6.quadri\38.jpg,quadri,6
output\6.quadri\39.jpg,quadri,6
output\6.quadri\40.jpg,quadri,6
output\6.quadri\41.jpg,quadri,6
output\6.quadri\42.jpg,quadri,6
output\6.quadri\43.jpg,quadri,6
output\6.quadri\44.jpg,quadri,6
output\6.quadri\45.jpg,quadri,6
output\6.quadri\46.jpg,quadri,6
output\6.quadri\47.jpg,quadri,6
output\6.quadri\48.jpg,quadri,6
output\6.quadri\49.jpg,quadri,6
output\6.quadri\50.jpg,quadri,6
output\7.cuori\1.jpg,cuori,7
output\7.cuori\2.jpg,cuori,7
output\7.cuori\3.jpg,cuori,7
output\7.cuori\4.jpg,cuori,7
output\7.cuori\5.jpg,cuori,7
output\7.cuori\6.jpg,cuori,7
output\7.cuori\7.jpg,cuori,7
output\7.cuori\8.jpg,cuori,7
output\7.cuori\9.jpg,cuori,7
output\7.cuori\10.jpg,cuori,7
output\7.cuori\11.jpg,cuori,7
output\7.cuori\12.jpg,cuori,7
output\7.cuori\13.jpg,cuori,7
output\7.cuori\14.jpg,cuori,7
output\7.cuori\15.jpg,cuori,7
output\7.cuori\16.jpg,cuori,7
output\7.cuori\17.jpg,cuori,7
output\7.cuori\18.jpg,cuori,7
output\7.cuori\19.jpg,cuori,7
output\7.cuori\20.jpg,cuori,7
output\7.cuori\21.jpg,cuori,7
output\7.cuori\22.jpg,cuori,7
output\7.cuori\23.jpg,cuori,7
output\7.cuori\24.jpg,cuori,7
output\7.cuori\25.jpg,cuori,7
output\7.cuori\26.jpg,cuori,7
output\7.cuori\27.jpg,cuori,7
output\7.cuori\28.jpg,cuori,7
output\7.cuori\29.jpg,cuori,7
output\7.cuori\30.jpg,cuori,7
output\7.cuori\31.jpg,cuori,7
output\7.cuori\32.jpg,cuori,7
output\7.cuori\33.jpg,cuori,7
output\7.cuori\34.jpg,cuori,7
output\7.cuori\35.jpg,cuori,7
output\7.cuori\36.jpg,cuori,7
output\7.cuori\37.jpg,cuori,7
output\7.cuori\38.jpg,cuori,7
output\7.cuori\39.jpg,cuori,7
output\7.cuori\40.jpg,cuori,7
output\7.cuori\41.jpg,cuori,7
output\7.cuori\42.jpg,cuori,7
output\7.cuori\43.jpg,cuori,7
output\7.cuori\44.jpg,cuori,7
output\7.cuori\45.jpg,cuori,7
output\7.cuori\46.jpg,cuori,7
output\7.cuori\47.jpg,cuori,7
output\7.cuori\48.jpg,cuori,7
output\7.cuori\49.jpg,cuori,7
output\7.cuori\50.jpg,cuori,7
output\7.fiori\1.jpg,fiori,7
output\7.fiori\2.jpg,fiori,7
output\7.fiori\3.jpg,fiori,7
output\7.fiori\4.jpg,fiori,7
output\7.fiori\5.jpg,fiori,7
output\7.fiori\6.jpg,fiori,7
output\7.fiori\7.jpg,fiori,7
output\7.fiori\8.jpg,fiori,7
output\7.fiori\9.jpg,fiori,7
output\7.fiori\10.jpg,fiori,7
output\7.fiori\11.jpg,fiori,7
output\7.fiori\12.jpg,fiori,7
output\7.fiori\13.jpg,fiori,7
output\7.fiori\14.jpg,fiori,7
output\7.fiori\15.jpg,fiori,7
output\7.fiori\16.jpg,fiori,7
output\7.fiori\17.jpg,fiori,7
output\7.fiori\18.jpg,fiori,7
output\7.fiori\19.jpg,fiori,7
output\7.fiori\20.jpg,fiori,7
output\7.fiori\21.jpg,fiori,7
output\7.fiori\22.jpg,fiori,7
output\7.fiori\23.jpg,fiori,7
output\7.fiori\24.jpg,fiori,7
output\7.fiori\25.jpg,fiori,7
output\7.fiori\26.jpg,fiori,7
output\7.fiori\27.jpg,fiori,7
output\7.fiori\28.jpg,fiori,7
output\7.fiori\29.jpg,fiori,7
output\7.fiori\30.jpg,fiori,7
output\7.fiori\31.jpg,fiori,7
output\7.fiori\32.jpg,fiori,7
output\7.fiori\33.jpg,fiori,7
output\7.fiori\34.jpg,fiori,7
output\7.fiori\35.jpg,fiori,7
output\7.fiori\36.jpg,fiori,7
output\7.fiori\37.jpg,fiori,7
output\7.fiori\38.jpg,fiori,7
output\7.fiori\39.jpg,fiori,7
output\7.fiori\40.jpg,fiori,7
output\7.fiori\41.jpg,fiori,7
output\7.fiori\42.jpg,fiori,7
output\7.fiori\43.jpg,fiori,7
output\7.fiori\44.jpg,fiori,7
output\7.fiori\45.jpg,fiori,7
output\7.fiori\46.jpg,fiori,7
output\7.fiori\47.jpg,fiori,7
output\7.fiori\48.jpg,fiori,7
output\7.fiori\49.jpg,fiori,7
output\7.fiori\50.jpg,fiori,7
output\7.picche\1.jpg,picche,7
output\7.picche\2.jpg,picche,7
output\7.picche\3.jpg,picche,7
output\7.picche\4.jpg,picche,7
output\7.picche\5.jpg,picche,7
output\7.picche\6.jpg,picche,7
output\7.picche\7.jpg,picche,7
output\7.picche\8.jpg,picche,7
output\7.picche\9.jpg,picche,7
output\7.picche\10.jpg,picche,7
output\7.picche\11.jpg,picche,7
output\7.picche\12.jpg,picche,7
output\7.picche\13.jpg,picche,7
output\7.picche\14.jpg,picche,7
output\7.picche\15.jpg,picche,7
output\7.picche\16.jpg,picche,7
output\7.picche\17.jpg,picche,7
output\7.picche\18.jpg,picche,7
output\7.picche\19.jpg,picche,7
output\7.picche\20.jpg,picche,7
output\7.picche\21.jpg,picche,7
output\7.picche\22.jpg,picche,7
output\7.picche\23.jpg,picche,7
output\7.picche\24.jpg,picche,7
output\7.picche\25.jpg,picche,7
output\7.picche\26.jpg,picche,7
output\7.picche\27.jpg,picche,7
output\7.picche\28.jpg,picche,7
output\7.picche\29.jpg,picche,7
output\7.picche\30.jpg,picche,7
output\7.picche\31.jpg,picche,7
output\7.picche\32.jpg,picche,7
output\7.picche\33.jpg,picche,7
output\7.picche\34.jpg,picche,7
output\7.picche\35.jpg,picche,7
output\7.picche\36.jpg,picche,7
output\7.picche\37.jpg,picche,7
output\7.picche\38.jpg,picche,7
output\7.picche\39.jpg,picche,7
output\7.picche\40.jpg,picche,7
output\7.picche\41.jpg,picche,7
output\7.picche\42.jpg,picche,7
output\7.picche\43.jpg,picche,7
output\7.picche\44.jpg,picche,7
output\7.picche\45.jpg,picche,7
output\7.picche\46.jpg,picche,7
output\7.picche\47.jpg,picche,7
output\7.picche\48.jpg,picche,7
output\7.picche\49.jpg,picche,7
output\7.picche\50.jpg,picche,7
output\7.quadri\1.jpg,quadri,7
output\7.quadri\2.jpg,quadri,7
output\7.quadri\3.jpg,quadri,7
output\7.quadri\4.jpg,quadri,7
output\7.quadri\5.jpg,quadri,7
output\7.quadri\6.jpg,quadri,7
output\7.quadri\7.jpg,quadri,7
output\7.quadri\8.jpg,quadri,7
output\7.quadri\9.jpg,quadri,7
output\7.quadri\10.jpg,quadri,7
output\7.quadri\11.jpg,quadri,7
output\7.quadri\12.jpg,quadri,7
output\7.quadri\13.jpg,quadri,7
output\7.quadri\14.jpg,quadri,7
output\7.quadri\15.jpg,quadri,7
output\7.quadri\16.jpg,quadri,7
output\7.quadri\17.jpg,quadri,7
output\7.quadri\18.jpg,quadri,7
output\7.quadri\19.jpg,quadri,7
output\7.quadri\20.jpg,quadri,7
output\7.quadri\21.jpg,quadri,7
output\7.quadri\22.jpg,quadri,7
output\7.quadri\23.jpg,quadri,7
output\7.quadri\24.jpg,quadri,7
output\7.quadri\25.jpg,quadri,7
output\7.quadri\26.jpg,quadri,7
output\7.quadri\27.jpg,quadri,7
output\7.quadri\28.jpg,quadri,7
output\7.quadri\29.jpg,quadri,7
output\7.quadri\30.jpg,quadri,7
output\7.quadri\31.jpg,quadri,7
output\7.quadri\32.jpg,quadri,7
output\7.quadri\33.jpg,quadri,7
output\7.quadri\34.jpg,quadri,7
output\7.quadri\35.jpg,quadri,7
output\7.quadri\36.jpg,quadri,7
output\7.quadri\37.jpg,quadri,7
output\7.quadri\38.jpg,quadri,7
output\7.quadri\39.jpg,quadri,7
output\7.quadri\40.jpg,quadri,7
output\7.quadri\41.jpg,quadri,7
output\7.quadri\42.jpg,quadri,7
output\7.quadri\43.jpg,quadri,7
output\7.quadri\44.jpg,quadri,7
output\7.quadri\45.jpg,quadri,7
output\7.quadri\46.jpg,quadri,7
output\7.quadri\47.jpg,quadri,7
output\7.quadri\48.jpg,quadri,7
output\7.quadri\49.jpg,quadri,7
output\7.quadri\50.jpg,quadri,7
output\8.cuori\1.jpg,cuori,8
output\8.cuori\2.jpg,cuori,8
output\8.cuori\3.jpg,cuori,8
output\8.cuori\4.jpg,cuori,8
output\8.cuori\5.jpg,cuori,8
output\8.cuori\6.jpg,cuori,8
output\8.cuori\7.jpg,cuori,8
output\8.cuori\8.jpg,cuori,8
output\8.cuori\9.jpg,cuori,8
output\8.cuori\10.jpg,cuori,8
output\8.cuori\11.jpg,cuori,8
output\8.cuori\12.jpg,cuori,8
output\8.cuori\13.jpg,cuori,8
output\8.cuori\14.jpg,cuori,8
output\8.cuori\15.jpg,cuori,8
output\8.cuori\16.jpg,cuori,8
output\8.cuori\17.jpg,cuori,8
output\8.cuori\18.jpg,cuori,8
output\8.cuori\19.jpg,cuori,8
output\8.cuori\20.jpg,cuori,8
output\8.cuori\21.jpg,cuori,8
output\8.cuori\22.jpg,cuori,8
output\8.cuori\23.jpg,cuori,8
output\8.cuori\24.jpg,cuori,8
output\8.cuori\25.jpg,cuori,8
output\8.cuori\26.jpg,cuori,8
output\8.cuori\27.jpg,cuori,8
output\8.cuori\28.jpg,cuori,8
output\8.cuori\29.jpg,cuori,8
output\8.cuori\30.jpg,cuori,8
output\8.cuori\31.jpg,cuori,8
output\8.cuori\32.jpg,cuori,8
output\8.cuori\33.jpg,cuori,8
output\8.cuori\34.jpg,cuori,8
output\8.cuori\35.jpg,cuori,8
output\8.cuori\36.jpg,cuori,8
output\8.cuori\37.jpg,cuori,8
output\8.cuori\38.jpg,cuori,8
output\8.cuori\39.jpg,cuori,8
output\8.cuori\40.jpg,cuori,8
output\8.cuori\41.jpg,cuori,8
output\8.cuori\42.jpg,cuori,8
output\8.cuori\43.jpg,cuori,8
output\8.cuori\44.jpg,cuori,8
output\8.cuori\45.jpg,cuori,8
output\8.cuori\46.jpg,cuori,8
output\8.cuori\47.jpg,cuori,8
output\8.cuori\48.jpg,cuori,8
output\8.cuori\49.jpg,cuori,8
output\8.cuori\50.jpg,cuori,8
output\8.fiori\1.jpg,fiori,8
output\8.fiori\2.jpg,fiori,8
output\8.fiori\3.jpg,fiori,8
output\8.fiori\4.jpg,fiori,8
output\8.fiori\5.jpg,fiori,8
output\8.fiori\6.jpg,fiori,8
output\8.fiori\7.jpg,fiori,8
output\8.fiori\8.jpg,fiori,8
output\8.fiori\9.jpg,fiori,8
output\8.fiori\10.jpg,fiori,8
output\8.fiori\11.jpg,fiori,8
output\8.fiori\12.jpg,fiori,8
output\8.fiori\13.jpg,fiori,8
output\8.fiori\14.jpg,fiori,8
output\8.fiori\15.jpg,fiori,8
output\8.fiori\16.jpg,fiori,8
output\8.fiori\17.jpg,fiori,8
output\8.fiori\18.jpg,fiori,8
output\8.fiori\19.jpg,fiori,8
output\8.fiori\20.jpg,fiori,8
output\8.fiori\21.jpg,fiori,8
output\8.fiori\22.jpg,fiori,8
output\8.fiori\23.jpg,fiori,8
output\8.fiori\24.jpg,fiori,8
output\8.fiori\25.jpg,fiori,8
output\8.fiori\26.jpg,fiori,8
output\8.fiori\27.jpg,fiori,8
output\8.fiori\28.jpg,fiori,8
output\8.fiori\29.jpg,fiori,8
output\8.fiori\30.jpg,fiori,8
output\8.fiori\31.jpg,fiori,8
output\8.fiori\32.jpg,fiori,8
output\8.fiori\33.jpg,fiori,8
output\8.fiori\34.jpg,fiori,8
output\8.fiori\35.jpg,fiori,8
output\8.fiori\36.jpg,fiori,8
output\8.fiori\37.jpg,fiori,8
output\8.fiori\38.jpg,fiori,8
output\8.fiori\39.jpg,fiori,8
output\8.fiori\40.jpg,fiori,8
output\8.fiori\41.jpg,fiori,8
output\8.fiori\42.jpg,fiori,8
output\8.fiori\43.jpg,fiori,8
output\8.fiori\44.jpg,fiori,8
output\8.fiori\45.jpg,fiori,8
output\8.fiori\46.jpg,fiori,8
output\8.fiori\47.jpg,fiori,8
output\8.fiori\48.jpg,fiori,8
output\8.fiori\49.jpg,fiori,8
output\8.fiori\50.jpg,fiori,8
output\8.picche\1.jpg,picche,8
output\8.picche\2.jpg,picche,8
output\8.picche\3.jpg,picche,8
output\8.picche\4.jpg,picche,8
output\8.picche\5.jpg,picche,8
output\8.picche\6.jpg,picche,8
output\8.picche\7.jpg,picche,8
output\8.picche\8.jpg,picche,8
output\8.picche\9.jpg,picche,8
output\8.picche\10.jpg,picche,8
output\8.picche\11.jpg,picche,8
output\8.picche\12.jpg,picche,8
output\8.picche\13.jpg,picche,8
output\8.picche\14.jpg,picche,8
output\8.picche\15.jpg,picche,8
output\8.picche\16.jpg,picche,8
output\8.picche\17.jpg,picche,8
output\8.picche\18.jpg,picche,8
output\8.picche\19.jpg,picche,8
output\8.picche\20.jpg,picche,8
output\8.picche\21.jpg,picche,8
output\8.picche\22.jpg,picche,8
output\8.picche\23.jpg,picche,8
output\8.picche\24.jpg,picche,8
output\8.picche\25.jpg,picche,8
output\8.picche\26.jpg,picche,8
output\8.picche\27.jpg,picche,8
output\8.picche\28.jpg,picche,8
output\8.picche\29.jpg,picche,8
output\8.picche\30.jpg,picche,8
output\8.picche\31.jpg,picche,8
output\8.picche\32.jpg,picche,8
output\8.picche\33.jpg,picche,8
output\8.picche\34.jpg,picche,8
output\8.picche\35.jpg,picche,8
output\8.picche\36.jpg,picche,8
output\8.picche\37.jpg,picche,8
output\8.picche\38.jpg,picche,8
output\8.picche\39.jpg,picche,8
output\8.picche\40.jpg,picche,8
output\8.picche\41.jpg,picche,8
output\8.picche\42.jpg,picche,8
output\8.picche\43.jpg,picche,8
output\8.picche\44.jpg,picche,8
output\8.picche\45.jpg,picche,8
output\8.picche\46.jpg,picche,8
output\8.picche\47.jpg,picche,8
output\8.picche\48.jpg,picche,8
output\8.picche\49.jpg,picche,8
output\8.picche\50.jpg,picche,8
output\8.quadri\1.jpg,quadri,8
output\8.quadri\2.jpg,quadri,8
output\8.quadri\3.jpg,quadri,8
output\8.quadri\4.jpg,quadri,8
output\8.quadri\5.jpg,quadri,8
output\8.quadri\6.jpg,quadri,8
output\8.quadri\7.jpg,quadri,8
output\8.quadri\8.jpg,quadri,8
output\8.quadri\9.jpg,quadri,8
output\8.quadri\10.jpg,quadri,8
output\8.quadri\11.jpg,quadri,8
output\8.quadri\12.jpg,quadri,8
output\8.quadri\13.jpg,quadri,8
output\8.quadri\14.jpg,quadri,8
output\8.quadri\15.jpg,quadri,8
output\8.quadri\16.jpg,quadri,8
output\8.quadri\17.jpg,quadri,8
output\8.quadri\18.jpg,quadri,8
output\8.quadri\19.jpg,quadri,8
output\8.quadri\20.jpg,quadri,8
output\8.quadri\21.jpg,quadri,8
output\8.quadri\22.jpg,quadri,8
output\8.quadri\23.jpg,quadri,8
output\8.quadri\24.jpg,quadri,8
output\8.quadri\25.jpg,quadri,8
output\8.quadri\26.jpg,quadri,8
output\8.quadri\27.jpg,quadri,8
output\8.quadri\28.jpg,quadri,8
output\8.quadri\29.jpg,quadri,8
output\8.quadri\30.jpg,quadri,8
output\8.quadri\31.jpg,quadri,8
output\8.quadri\32.jpg,quadri,8
output\8.quadri\33.jpg,quadri,8
output\8.quadri\34.jpg,quadri,8
output\8.quadri\35.jpg,quadri,8
output\8.quadri\36.jpg,quadri,8
output\8.quadri\37.jpg,quadri,8
output\8.quadri\38.jpg,quadri,8
output\8.quadri\39.jpg,quadri,8
output\8.quadri\40.jpg,quadri,8
output\8.quadri\41.jpg,quadri,8
output\8.quadri\42.jpg,quadri,8
output\8.quadri\43.jpg,quadri,8
output\8.quadri\44.jpg,quadri,8
output\8.quadri\45.jpg,quadri,8
output\8.quadri\46.jpg,quadri,8
output\8.quadri\47.jpg,quadri,8
output\8.quadri\48.jpg,quadri,8
output\8.quadri\49.jpg,quadri,8
output\8.quadri\50.jpg,quadri,8
output\9.cuori\1.jpg,cuori,9
output\9.cuori\2.jpg,cuori,9
output\9.cuori\3.jpg,cuori,9
output\9.cuori\4.jpg,cuori,9
output\9.cuori\5.jpg,cuori,9
output\9.cuori\6.jpg,cuori,9
output\9.cuori\7.jpg,cuori,9
output\9.cuori\8.jpg,cuori,9
output\9.cuori\9.jpg,cuori,9
output\9.cuori\10.jpg,cuori,9
output\9.cuori\11.jpg,cuori,9
output\9.cuori\12.jpg,cuori,9
output\9.cuori\13.jpg,cuori,9
output\9.cuori\14.jpg,cuori,9
output\9.cuori\15.jpg,cuori,9
output\9.cuori\16.jpg,cuori,9
output\9.cuori\17.jpg,cuori,9
output\9.cuori\18.jpg,cuori,9
output\9.cuori\19.jpg,cuori,9
output\9.cuori\20.jpg,cuori,9
output\9.cuori\21.jpg,cuori,9
output\9.cuori\22.jpg,cuori,9
output\9.cuori\23.jpg,cuori,9
output\9.cuori\24.jpg,cuori,9
output\9.cuori\25.jpg,cuori,9
output\9.cuori\26.jpg,cuori,9
output\9.cuori\27.jpg,cuori,9
output\9.cuori\28.jpg,cuori,9
output\9.cuori\29.jpg,cuori,9
output\9.cuori\30.jpg,cuori,9
output\9.cuori\31.jpg,cuori,9
output\9.cuori\32.jpg,cuori,9
output\9.cuori\33.jpg,cuori,9
output\9.cuori\34.jpg,cuori,9
output\9.cuori\35.jpg,cuori,9
output\9.cuori\36.jpg,cuori,9
output\9.cuori\37.jpg,cuori,9
output\9.cuori\38.jpg,cuori,9
output\9.cuori\39.jpg,cuori,9
output\9.cuori\40.jpg,cuori,9
output\9.cuori\41.jpg,cuori,9
output\9.cuori\42.jpg,cuori,9
output\9.cuori\43.jpg,cuori,9
output\9.cuori\44.jpg,cuori,9
output\9.cuori\45.jpg,cuori,9
output\9.cuori\46.jpg,cuori,9
output\9.cuori\47.jpg,cuori,9
output\9.cuori\48.jpg,cuori,9
output\9.cuori\49.jpg,cuori,9
output\9.cuori\50.jpg,cuori,9
output\9.fiori\1.jpg,fiori,9
output\9.fiori\2.jpg,fiori,9
output\9.fiori\3.jpg,fiori,9
output\9.fiori\4.jpg,fiori,9
output\9.fiori\5.jpg,fiori,9
output\9.fiori\6.jpg,fiori,9
output\9.fiori\7.jpg,fiori,9
output\9.fiori\8.jpg,fiori,9
output\9.fiori\9.jpg,fiori,9
output\9.fiori\10.jpg,fiori,9
output\9.fiori\11.jpg,fiori,9
output\9.fiori\12.jpg,fiori,9
output\9.fiori\13.jpg,fiori,9
output\9.fiori\14.jpg,fiori,9
output\9.fiori\15.jpg,fiori,9
output\9.fiori\16.jpg,fiori,9
output\9.fiori\17.jpg,fiori,9
output\9.fiori\18.jpg,fiori,9
output\9.fiori\19.jpg,fiori,9
output\9.fiori\20.jpg,fiori,9
output\9.fiori\21.jpg,fiori,9
output\9.fiori\22.jpg,fiori,9
output\9.fiori\23.jpg,fiori,9
output\9.fiori\24.jpg,fiori,9
output\9.fiori\25.jpg,fiori,9
output\9.fiori\26.jpg,fiori,9
output\9.fiori\27.jpg,fiori,9
output\9.fiori\28.jpg,fiori,9
output\9.fiori\29.jpg,fiori,9
output\9.fiori\30.jpg,fiori,9
output\9.fiori\31.jpg,fiori,9
output\9.fiori\32.jpg,fiori,9
output\9.fiori\33.jpg,fiori,9
output\9.fiori\34.jpg,fiori,9
output\9.fiori\35.jpg,fiori,9
output\9.fiori\36.jpg,fiori,9
output\9.fiori\37.jpg,fiori,9
output\9.fiori\38.jpg,fiori,9
output\9.fiori\39.jpg,fiori,9
output\9.fiori\40.jpg,fiori,9
output\9.fiori\41.jpg,fiori,9
output\9.fiori\42.jpg,fiori,9
output\9.fiori\43.jpg,fiori,9
output\9.fiori\44.jpg,fiori,9
output\9.fiori\45.jpg,fiori,9
output\9.fiori\46.jpg,fiori,9
output\9.fiori\47.jpg,fiori,9
output\9.fiori\48.jpg,fiori,9
output\9.fiori\49.jpg,fiori,9
output\9.fiori\50.jpg,fiori,9
output\9.picche\1.jpg,picche,9
output\9.picche\2.jpg,picche,9
output\9.picche\3.jpg,picche,9
output\9.picche\4.jpg,picche,9
output\9.picche\5.jpg,picche,9
output\9.picche\6.jpg,picche,9
output\9.picche\7.jpg,picche,9
output\9.picche\8.jpg,picche,9
output\9.picche\9.jpg,picche,9
output\9.picche\10.jpg,picche,9
output\9.picche\11.jpg,picche,9
output\9.picche\12.jpg,picche,9
output\9.picche\13.jpg,picche,9
output\9.picche\14.jpg,picche,9
output\9.picche\15.jpg,picche,9
output\9.picche\16.jpg,picche,9
output\9.picche\17.jpg,picche,9
output\9.picche\18.jpg,picche,9
output\9.picche\19.jpg,picche,9
output\9.picche\20.jpg,picche,9
output\9.picche\21.jpg,picche,9
output\9.picche\22.jpg,picche,9
output\9.picche\23.jpg,picche,9
output\9.picche\24.jpg,picche,9
output\9.picche\25.jpg,picche,9
output\9.picche\26.jpg,picche,9
output\9.picche\27.jpg,picche,9
output\9.picche\28.jpg,picche,9
output\9.picche\29.jpg,picche,9
output\9.picche\30.jpg,picche,9
output\9.picche\31.jpg,picche,9
output\9.picche\32.jpg,picche,9
output\9.picche\33.jpg,picche,9
output\9.picche\34.jpg,picche,9
output\9.picche\35.jpg,picche,9
output\9.picche\36.jpg,picche,9
output\9.picche\37.jpg,picche,9
output\9.picche\38.jpg,picche,9
output\9.picche\39.jpg,picche,9
output\9.picche\40.jpg,picche,9
output\9.picche\41.jpg,picche,9
output\9.picche\42.jpg,picche,9
output\9.picche\43.jpg,picche,9
output\9.picche\44.jpg,picche,9
output\9.picche\45.jpg,picche,9
output\9.picche\46.jpg,picche,9
output\9.picche\47.jpg,picche,9
output\9.picche\48.jpg,picche,9
output\9.picche\49.jpg,picche,9
output\9.picche\50.jpg,picche,9
output\9.quadri\1.jpg,quadri,9
output\9.quadri\2.jpg,quadri,9
output\9.quadri\3.jpg,quadri,9
output\9.quadri\4.jpg,quadri,9
output\9.quadri\5.jpg,quadri,9
output\9.quadri\6.jpg,quadri,9
output\9.quadri\7.jpg,quadri,9
output\9.quadri\8.jpg,quadri,9
output\9.quadri\9.jpg,quadri,9
output\9.quadri\10.jpg,quadri,9
output\9.quadri\11.jpg,quadri,9
output\9.quadri\12.jpg,quadri,9
output\9.quadri\13.jpg,quadri,9
output\9.quadri\14.jpg,quadri,9
output\9.quadri\15.jpg,quadri,9
output\9.quadri\16.jpg,quadri,9
output\9.quadri\17.jpg,quadri,9
output\9.quadri\18.jpg,quadri,9
output\9.quadri\19.jpg,quadri,9
output\9.quadri\20.jpg,quadri,9
output\9.quadri\21.jpg,quadri,9
output\9.quadri\22.jpg,quadri,9
output\9.quadri\23.jpg,quadri,9
output\9.quadri\24.jpg,quadri,9
output\9.quadri\25.jpg,quadri,9
output\9.quadri\26.jpg,quadri,9
output\9.quadri\27.jpg,quadri,9
output\9.quadri\28.jpg,quadri,9
output\9.quadri\29.jpg,quadri,9
output\9.quadri\30.jpg,quadri,9
output\9.quadri\31.jpg,quadri,9
output\9.quadri\32.jpg,quadri,9
output\9.quadri\33.jpg,quadri,9
output\9.quadri\34.jpg,quadri,9
output\9.quadri\35.jpg,quadri,9
output\9.quadri\36.jpg,quadri,9
output\9.quadri\37.jpg,quadri,9
output\9.quadri\38.jpg,quadri,9
output\9.quadri\39.jpg,quadri,9
output\9.quadri\40.jpg,quadri,9
output\9.quadri\41.jpg,quadri,9
output\9.quadri\42.jpg,quadri,9
output\9.quadri\43.jpg,quadri,9
output\9.quadri\44.jpg,quadri,9
output\9.quadri\45.jpg,quadri,9
output\9.quadri\46.jpg,quadri,9
output\9.quadri\47.jpg,quadri,9
output\9.quadri\48.jpg,quadri,9
output\9.quadri\49.jpg,quadri,9
output\9.quadri\50.jpg,quadri,9
output\A.cuori\1.jpg,cuori,A
output\A.cuori\2.jpg,cuori,A
output\A.cuori\3.jpg,cuori,A
output\A.cuori\4.jpg,cuori,A
output\A.cuori\5.jpg,cuori,A
output\A.cuori\6.jpg,cuori,A
output\A.cuori\7.jpg,cuori,A
output\A.cuori\8.jpg,cuori,A
output\A.cuori\9.jpg,cuori,A
output\A.cuori\10.jpg,cuori,A
output\A.cuori\11.jpg,cuori,A
output\A.cuori\12.jpg,cuori,A
output\A.cuori\13.jpg,cuori,A
output\A.cuori\14.jpg,cuori,A
output\A.cuori\15.jpg,cuori,A
output\A.cuori\16.jpg,cuori,A
output\A.cuori\17.jpg,cuori,A
output\A.cuori\18.jpg,cuori,A
output\A.cuori\19.jpg,cuori,A
output\A.cuori\20.jpg,cuori,A
output\A.cuori\21.jpg,cuori,A
output\A.cuori\22.jpg,cuori,A
output\A.cuori\23.jpg,cuori,A
output\A.cuori\24.jpg,cuori,A
output\A.cuori\25.jpg,cuori,A
output\A.cuori\26.jpg,cuori,A
output\A.cuori\27.jpg,cuori,A
output\A.cuori\28.jpg,cuori,A
output\A.cuori\29.jpg,cuori,A
output\A.cuori\30.jpg,cuori,A
output\A.cuori\31.jpg,cuori,A
output\A.cuori\32.jpg,cuori,A
output\A.cuori\33.jpg,cuori,A
output\A.cuori\34.jpg,cuori,A
output\A.cuori\35.jpg,cuori,A
output\A.cuori\36.jpg,cuori,A
output\A.cuori\37.jpg,cuori,A
output\A.cuori\38.jpg,cuori,A
output\A.cuori\39.jpg,cuori,A
output\A.cuori\40.jpg,cuori,A
output\A.cuori\41.jpg,cuori,A
output\A.cuori\42.jpg,cuori,A
output\A.cuori\43.jpg,cuori,A
output\A.cuori\44.jpg,cuori,A
output\A.cuori\45.jpg,cuori,A
output\A.cuori\46.jpg,cuori,A
output\A.cuori\47.jpg,cuori,A
output\A.cuori\48.jpg,cuori,A
output\A.cuori\49.jpg,cuori,A
output\A.cuori\50.jpg,cuori,A
output\A.fiori\1.jpg,fiori,A
output\A.fiori\2.jpg,fiori,A
output\A.fiori\3.jpg,fiori,A
output\A.fiori\4.jpg,fiori,A
output\A.fiori\5.jpg,fiori,A
output\A.fiori\6.jpg,fiori,A
output\A.fiori\7.jpg,fiori,A
output\A.fiori\8.jpg,fiori,A
output\A.fiori\9.jpg,fiori,A
output\A.fiori\10.jpg,fiori,A
output\A.fiori\11.jpg,fiori,A
output\A.fiori\12.jpg,fiori,A
output\A.fiori\13.jpg,fiori,A
output\A.fiori\14.jpg,fiori,A
output\A.fiori\15.jpg,fiori,A
output\A.fiori\16.jpg,fiori,A
output\A.fiori\17.jpg,fiori,A
output\A.fiori\18.jpg,fiori,A
output\A.fiori\19.jpg,fiori,A
output\A.fiori\20.jpg,fiori,A
output\A.fiori\21.jpg,fiori,A
output\A.fiori\22.jpg,fiori,A
output\A.fiori\23.jpg,fiori,A
output\A.fiori\24.jpg,fiori,A
output\A.fiori\25.jpg,fiori,A
output\A.fiori\26.jpg,fiori,A
output\A.fiori\27.jpg,fiori,A
output\A.fiori\28.jpg,fiori,A
output\A.fiori\29.jpg,fiori,A
output\A.fiori\30.jpg,fiori,A
output\A.fiori\31.jpg,fiori,A
output\A.fiori\32.jpg,fiori,A
output\A.fiori\33.jpg,fiori,A
output\A.fiori\34.jpg,fiori,A
output\A.fiori\35.jpg,fiori,A
output\A.fiori\36.jpg,fiori,A
output\A.fiori\37.jpg,fiori,A
output\A.fiori\38.jpg,fiori,A
output\A.fiori\39.jpg,fiori,A
output\A.fiori\40.jpg,fiori,A
output\A.fiori\41.jpg,fiori,A
output\A.fiori\42.jpg,fiori,A
output\A.fiori\43.jpg,fiori,A
output\A.fiori\44.jpg,fiori,A
output\A.fiori\45.jpg,fiori,A
output\A.fiori\46.jpg,fiori,A
output\A.fiori\47.jpg,fiori,A
output\A.fiori\48.jpg,fiori,A
output\A.fiori\49.jpg,fiori,A
output\A.fiori\50.jpg,fiori,A
output\A.picche\1.jpg,picche,A
output\A.picche\2.jpg,picche,A
output\A.picche\3.jpg,picche,A
output\A.picche\4.jpg,picche,A
output\A.picche\5.jpg,picche,A
output\A.picche\6.jpg,picche,A
output\A.picche\7.jpg,picche,A
output\A.picche\8.jpg,picche,A
output\A.picche\9.jpg,picche,A
output\A.picche\10.jpg,picche,A
output\A.picche\11.jpg,picche,A
output\A.picche\12.jpg,picche,A
output\A.picche\13.jpg,picche,A
output\A.picche\14.jpg,picche,A
output\A.picche\15.jpg,picche,A
output\A.picche\16.jpg,picche,A
output\A.picche\17.jpg,picche,A
output\A.picche\18.jpg,picche,A
output\A.picche\19.jpg,picche,A
output\A.picche\20.jpg,picche,A
output\A.picche\21.jpg,picche,A
output\A.picche\22.jpg,picche,A
output\A.picche\23.jpg,picche,A
output\A.picche\24.jpg,picche,A
output\A.picche\25.jpg,picche,A
output\A.picche\26.jpg,picche,A
output\A.picche\27.jpg,picche,A
output\A.picche\28.jpg,picche,A
output\A.picche\29.jpg,picche,A
output\A.picche\30.jpg,picche,A
output\A.picche\31.jpg,picche,A
output\A.picche\32.jpg,picche,A
output\A.picche\33.jpg,picche,A
output\A.picche\34.jpg,picche,A
output\A.picche\35.jpg,picche,A
output\A.picche\36.jpg,picche,A
output\A.picche\37.jpg,picche,A
output\A.picche\38.jpg,picche,A
output\A.picche\39.jpg,picche,A
output\A.picche\40.jpg,picche,A
output\A.picche\41.jpg,picche,A
output\A.picche\42.jpg,picche,A
output\A.picche\43.jpg,picche,A
output\A.picche\44.jpg,picche,A
output\A.picche\45.jpg,picche,A
output\A.picche\46.jpg,picche,A
output\A.picche\47.jpg,picche,A
output\A.picche\48.jpg,picche,A
output\A.picche\49.jpg,picche,A
output\A.picche\50.jpg,picche,A
output\A.quadri\1.jpg,quadri,A
output\A.quadri\2.jpg,quadri,A
output\A.quadri\3.jpg,quadri,A
output\A.quadri\4.jpg,quadri,A
output\A.quadri\5.jpg,quadri,A
output\A.quadri\6.jpg,quadri,A
output\A.quadri\7.jpg,quadri,A
output\A.quadri\8.jpg,quadri,A
output\A.quadri\9.jpg,quadri,A
output\A.quadri\10.jpg,quadri,A
output\A.quadri\11.jpg,quadri,A
output\A.quadri\12.jpg,quadri,A
output\A.quadri\13.jpg,quadri,A
output\A.quadri\14.jpg,quadri,A
output\A.quadri\15.jpg,quadri,A
output\A.quadri\16.jpg,quadri,A
output\A.quadri\17.jpg,quadri,A
output\A.quadri\18.jpg,quadri,A
output\A.quadri\19.jpg,quadri,A
output\A.quadri\20.jpg,quadri,A
output\A.quadri\21.jpg,quadri,A
output\A.quadri\22.jpg,quadri,A
output\A.quadri\23.jpg,quadri,A
output\A.quadri\24.jpg,quadri,A
output\A.quadri\25.jpg,quadri,A
output\A.quadri\26.jpg,quadri,A
output\A.quadri\27.jpg,quadri,A
output\A.quadri\28.jpg,quadri,A
output\A.quadri\29.jpg,quadri,A
output\A.quadri\30.jpg,quadri,A
output\A.quadri\31.jpg,quadri,A
output\A.quadri\32.jpg,quadri,A
output\A.quadri\33.jpg,quadri,A
output\A.quadri\34.jpg,quadri,A
output\A.quadri\35.jpg,quadri,A
output\A.quadri\36.jpg,quadri,A
output\A.quadri\37.jpg,quadri,A
output\A.quadri\38.jpg,quadri,A
output\A.quadri\39.jpg,quadri,A
output\A.quadri\40.jpg,quadri,A
output\A.quadri\41.jpg,quadri,A
output\A.quadri\42.jpg,quadri,A
output\A.quadri\43.jpg,quadri,A
output\A.quadri\44.jpg,quadri,A
output\A.quadri\45.jpg,quadri,A
output\A.quadri\46.jpg,quadri,A
output\A.quadri\47.jpg,quadri,A
output\A.quadri\48.jpg,quadri,A
output\A.quadri\49.jpg,quadri,A
output\A.quadri\50.jpg,quadri,A
output\J.cuori\1.jpg,cuori,J
output\J.cuori\2.jpg,cuori,J
output\J.cuori\3.jpg,cuori,J
output\J.cuori\4.jpg,cuori,J
output\J.cuori\5.jpg,cuori,J
output\J.cuori\6.jpg,cuori,J
output\J.cuori\7.jpg,cuori,J
output\J.cuori\8.jpg,cuori,J
output\J.cuori\9.jpg,cuori,J
output\J.cuori\10.jpg,cuori,J
output\J.cuori\11.jpg,cuori,J
output\J.cuori\12.jpg,cuori,J
output\J.cuori\13.jpg,cuori,J
output\J.cuori\14.jpg,cuori,J
output\J.cuori\15.jpg,cuori,J
output\J.cuori\16.jpg,cuori,J
output\J.cuori\17.jpg,cuori,J
output\J.cuori\18.jpg,cuori,J
output\J.cuori\19.jpg,cuori,J
output\J.cuori\20.jpg,cuori,J
output\J.cuori\21.jpg,cuori,J
output\J.cuori\22.jpg,cuori,J
output\J.cuori\23.jpg,cuori,J
output\J.cuori\24.jpg,cuori,J
output\J.cuori\25.jpg,cuori,J
output\J.cuori\26.jpg,cuori,J
output\J.cuori\27.jpg,cuori,J
output\J.cuori\28.jpg,cuori,J
output\J.cuori\29.jpg,cuori,J
output\J.cuori\30.jpg,cuori,J
output\J.cuori\31.jpg,cuori,J
output\J.cuori\32.jpg,cuori,J
output\J.cuori\33.jpg,cuori,J
output\J.cuori\34.jpg,cuori,J
output\J.cuori\35.jpg,cuori,J
output\J.cuori\36.jpg,cuori,J
output\J.cuori\37.jpg,cuori,J
output\J.cuori\38.jpg,cuori,J
output\J.cuori\39.jpg,cuori,J
output\J.cuori\40.jpg,cuori,J
output\J.cuori\41.jpg,cuori,J
output\J.cuori\42.jpg,cuori,J
output\J.cuori\43.jpg,cuori,J
output\J.cuori\44.jpg,cuori,J
output\J.cuori\45.jpg,cuori,J
output\J.cuori\46.jpg,cuori,J
output\J.cuori\47.jpg,cuori,J
output\J.cuori\48.jpg,cuori,J
output\J.cuori\49.jpg,cuori,J
output\J.cuori\50.jpg,cuori,J
output\J.fiori\1.jpg,fiori,J
output\J.fiori\2.jpg,fiori,J
output\J.fiori\3.jpg,fiori,J
output\J.fiori\4.jpg,fiori,J
output\J.fiori\5.jpg,fiori,J
output\J.fiori\6.jpg,fiori,J
output\J.fiori\7.jpg,fiori,J
output\J.fiori\8.jpg,fiori,J
output\J.fiori\9.jpg,fiori,J
output\J.fiori\10.jpg,fiori,J
output\J.fiori\11.jpg,fiori,J
output\J.fiori\12.jpg,fiori,J
output\J.fiori\13.jpg,fiori,J
output\J.fiori\14.jpg,fiori,J
output\J.fiori\15.jpg,fiori,J
output\J.fiori\16.jpg,fiori,J
output\J.fiori\17.jpg,fiori,J
output\J.fiori\18.jpg,fiori,J
output\J.fiori\19.jpg,fiori,J
output\J.fiori\20.jpg,fiori,J
output\J.fiori\21.jpg,fiori,J
output\J.fiori\22.jpg,fiori,J
output\J.fiori\23.jpg,fiori,J
output\J.fiori\24.jpg,fiori,J
output\J.fiori\25.jpg,fiori,J
output\J.fiori\26.jpg,fiori,J
output\J.fiori\27.jpg,fiori,J
output\J.fiori\28.jpg,fiori,J
output\J.fiori\29.jpg,fiori,J
output\J.fiori\30.jpg,fiori,J
output\J.fiori\31.jpg,fiori,J
output\J.fiori\32.jpg,fiori,J
output\J.fiori\33.jpg,fiori,J
output\J.fiori\34.jpg,fiori,J
output\J.fiori\35.jpg,fiori,J
output\J.fiori\36.jpg,fiori,J
output\J.fiori\37.jpg,fiori,J
output\J.fiori\38.jpg,fiori,J
output\J.fiori\39.jpg,fiori,J
output\J.fiori\40.jpg,fiori,J
output\J.fiori\41.jpg,fiori,J
output\J.fiori\42.jpg,fiori,J
output\J.fiori\43.jpg,fiori,J
output\J.fiori\44.jpg,fiori,J
output\J.fiori\45.jpg,fiori,J
output\J.fiori\46.jpg,fiori,J
output\J.fiori\47.jpg,fiori,J
output\J.fiori\48.jpg,fiori,J
output\J.fiori\49.jpg,fiori,J
output\J.fiori\50.jpg,fiori,J
output\J.picche\1.jpg,picche,J
output\J.picche\2.jpg,picche,J
output\J.picche\3.jpg,picche,J
output\J.picche\4.jpg,picche,J
output\J.picche\5.jpg,picche,J
output\J.picche\6.jpg,picche,J
output\J.picche\7.jpg,picche,J
output\J.picche\8.jpg,picche,J
output\J.picche\9.jpg,picche,J
output\J.picche\10.jpg,picche,J
output\J.picche\11.jpg,picche,J
output\J.picche\12.jpg,picche,J
output\J.picche\13.jpg,picche,J
output\J.picche\14.jpg,picche,J
output\J.picche\15.jpg,picche,J
output\J.picche\16.jpg,picche,J
output\J.picche\17.jpg,picche,J
output\J.picche\18.jpg,picche,J
output\J.picche\19.jpg,picche,J
output\J.picche\20.jpg,picche,J
output\J.picche\21.jpg,picche,J
output\J.picche\22.jpg,picche,J
output\J.picche\23.jpg,picche,J
output\J.picche\24.jpg,picche,J
output\J.picche\25.jpg,picche,J
output\J.picche\26.jpg,picche,J
output\J.picche\27.jpg,picche,J
output\J.picche\28.jpg,picche,J
output\J.picche\29.jpg,picche,J
output\J.picche\30.jpg,picche,J
output\J.picche\31.jpg,picche,J
output\J.picche\32.jpg,picche,J
output\J.picche\33.jpg,picche,J
output\J.picche\34.jpg,picche,J
output\J.picche\35.jpg,picche,J
output\J.picche\36.jpg,picche,J
output\J.picche\37.jpg,picche,J
output\J.picche\38.jpg,picche,J
output\J.picche\39.jpg,picche,J
output\J.picche\40.jpg,picche,J
output\J.picche\41.jpg,picche,J
output\J.picche\42.jpg,picche,J
output\J.picche\43.jpg,picche,J
output\J.picche\44.jpg,picche,J
output\J.picche\45.jpg,picche,J
output\J.picche\46.jpg,picche,J
output\J.picche\47.jpg,picche,J
output\J.picche\48.jpg,picche,J
output\J.picche\49.jpg,picche,J
output\J.picche\50.jpg,picche,J
output\J.quadri\1.jpg,quadri,J
output\J.quadri\2.jpg,quadri,J
output\J.quadri\3.jpg,quadri,J
output\J.quadri\4.jpg,quadri,J
output\J.quadri\5.jpg,quadri,J
output\J.quadri\6.jpg,quadri,J
output\J.quadri\7.jpg,quadri,J
output\J.quadri\8.jpg,quadri,J
output\J.quadri\9.jpg,quadri,J
output\J.quadri\10.jpg,quadri,J
output\J.quadri\11.jpg,quadri,J
output\J.quadri\12.jpg,quadri,J
output\J.quadri\13.jpg,quadri,J
output\J.quadri\14.jpg,quadri,J
output\J.quadri\15.jpg,quadri,J
output\J.quadri\16.jpg,quadri,J
output\J.quadri\17.jpg,quadri,J
output\J.quadri\18.jpg,quadri,J
output\J.quadri\19.jpg,quadri,J
output\J.quadri\20.jpg,quadri,J
output\J.quadri\21.jpg,quadri,J
output\J.quadri\22.jpg,quadri,J
output\J.quadri\23.jpg,quadri,J
output\J.quadri\24.jpg,quadri,J
output\J.quadri\25.jpg,quadri,J
output\J.quadri\26.jpg,quadri,J
output\J.quadri\27.jpg,quadri,J
output\J.quadri\28.jpg,quadri,J
output\J.quadri\29.jpg,quadri,J
output\J.quadri\30.jpg,quadri,J
output\J.quadri\31.jpg,quadri,J
output\J.quadri\32.jpg,quadri,J
output\J.quadri\33.jpg,quadri,J
output\J.quadri\34.jpg,quadri,J
output\J.quadri\35.jpg,quadri,J
output\J.quadri\36.jpg,quadri,J
output\J.quadri\37.jpg,quadri,J
output\J.quadri\38.jpg,quadri,J
output\J.quadri\39.jpg,quadri,J
output\J.quadri\40.jpg,quadri,J
output\J.quadri\41.jpg,quadri,J
output\J.quadri\42.jpg,quadri,J
output\J.quadri\43.jpg,quadri,J
output\J.quadri\44.jpg,quadri,J
output\J.quadri\45.jpg,quadri,J
output\J.quadri\46.jpg,quadri,J
output\J.quadri\47.jpg,quadri,J
output\J.quadri\48.jpg,quadri,J
output\J.quadri\49.jpg,quadri,J
output\J.quadri\50.jpg,quadri,J
output\K.cuori\1.jpg,cuori,K
output\K.cuori\2.jpg,cuori,K
output\K.cuori\3.jpg,cuori,K
output\K.cuori\4.jpg,cuori,K
output\K.cuori\5.jpg,cuori,K
output\K.cuori\6.jpg,cuori,K
output\K.cuori\7.jpg,cuori,K
output\K.cuori\8.jpg,cuori,K
output\K.cuori\9.jpg,cuori,K
output\K.cuori\10.jpg,cuori,K
output\K.cuori\11.jpg,cuori,K
output\K.cuori\12.jpg,cuori,K
output\K.cuori\13.jpg,cuori,K
output\K.cuori\14.jpg,cuori,K
output\K.cuori\15.jpg,cuori,K
output\K.cuori\16.jpg,cuori,K
output\K.cuori\17.jpg,cuori,K
output\K.cuori\18.jpg,cuori,K
output\K.cuori\19.jpg,cuori,K
output\K.cuori\20.jpg,cuori,K
output\K.cuori\21.jpg,cuori,K
output\K.cuori\22.jpg,cuori,K
output\K.cuori\23.jpg,cuori,K
output\K.cuori\24.jpg,cuori,K
output\K.cuori\25.jpg,cuori,K
output\K.cuori\26.jpg,cuori,K
output\K.cuori\27.jpg,cuori,K
output\K.cuori\28.jpg,cuori,K
output\K.cuori\29.jpg,cuori,K
output\K.cuori\30.jpg,cuori,K
output\K.cuori\31.jpg,cuori,K
output\K.cuori\32.jpg,cuori,K
output\K.cuori\33.jpg,cuori,K
output\K.cuori\34.jpg,cuori,K
output\K.cuori\35.jpg,cuori,K
output\K.cuori\36.jpg,cuori,K
output\K.cuori\37.jpg,cuori,K
output\K.cuori\38.jpg,cuori,K
output\K.cuori\39.jpg,cuori,K
output\K.cuori\40.jpg,cuori,K
output\K.cuori\41.jpg,cuori,K
output\K.cuori\42.jpg,cuori,K
output\K.cuori\43.jpg,cuori,K
output\K.cuori\44.jpg,cuori,K
output\K.cuori\45.jpg,cuori,K
output\K.cuori\46.jpg,cuori,K
output\K.cuori\47.jpg,cuori,K
output\K.cuori\48.jpg,cuori,K
output\K.cuori\49.jpg,cuori,K
output\K.cuori\50.jpg,cuori,K
output\K.fiori\1.jpg,fiori,K
output\K.fiori\2.jpg,fiori,K
output\K.fiori\3.jpg,fiori,K
output\K.fiori\4.jpg,fiori,K
output\K.fiori\5.jpg,fiori,K
output\K.fiori\6.jpg,fiori,K
output\K.fiori\7.jpg,fiori,K
output\K.fiori\8.jpg,fiori,K
output\K.fiori\9.jpg,fiori,K
output\K.fiori\10.jpg,fiori,K
output\K.fiori\11.jpg,fiori,K
output\K.fiori\12.jpg,fiori,K
output\K.fiori\13.jpg,fiori,K
output\K.fiori\14.jpg,fiori,K
output\K.fiori\15.jpg,fiori,K
output\K.fiori\16.jpg,fiori,K
output\K.fiori\17.jpg,fiori,K
output\K.fiori\18.jpg,fiori,K
output\K.fiori\19.jpg,fiori,K
output\K.fiori\20.jpg,fiori,K
output\K.fiori\21.jpg,fiori,K
output\K.fiori\22.jpg,fiori,K
output\K.fiori\23.jpg,fiori,K
output\K.fiori\24.jpg,fiori,K
output\K.fiori\25.jpg,fiori,K
output\K.fiori\26.jpg,fiori,K
output\K.fiori\27.jpg,fiori,K
output\K.fiori\28.jpg,fiori,K
output\K.fiori\29.jpg,fiori,K
output\K.fiori\30.jpg,fiori,K
output\K.fiori\31.jpg,fiori,K
output\K.fiori\32.jpg,fiori,K
output\K.fiori\33.jpg,fiori,K
output\K.fiori\34.jpg,fiori,K
output\K.fiori\35.jpg,fiori,K
output\K.fiori\36.jpg,fiori,K
output\K.fiori\37.jpg,fiori,K
output\K.fiori\38.jpg,fiori,K
output\K.fiori\39.jpg,fiori,K
output\K.fiori\40.jpg,fiori,K
output\K.fiori\41.jpg,fiori,K
output\K.fiori\42.jpg,fiori,K
output\K.fiori\43.jpg,fiori,K
output\K.fiori\44.jpg,fiori,K
output\K.fiori\45.jpg,fiori,K
output\K.fiori\46.jpg,fiori,K
output\K.fiori\47.jpg,fiori,K
output\K.fiori\48.jpg,fiori,K
output\K.fiori\49.jpg,fiori,K
output\K.fiori\50.jpg,fiori,K
output\K.picche\1.jpg,picche,K
output\K.picche\2.jpg,picche,K
output\K.picche\3.jpg,picche,K
output\K.picche\4.jpg,picche,K
output\K.picche\5.jpg,picche,K
output\K.picche\6.jpg,picche,K
output\K.picche\7.jpg,picche,K
output\K.picche\8.jpg,picche,K
output\K.picche\9.jpg,picche,K
output\K.picche\10.jpg,picche,K
output\K.picche\11.jpg,picche,K
output\K.picche\12.jpg,picche,K
output\K.picche\13.jpg,picche,K
output\K.picche\14.jpg,picche,K
output\K.picche\15.jpg,picche,K
output\K.picche\16.jpg,picche,K
output\K.picche\17.jpg,picche,K
output\K.picche\18.jpg,picche,K
output\K.picche\19.jpg,picche,K
output\K.picche\20.jpg,picche,K
output\K.picche\21.jpg,picche,K
output\K.picche\22.jpg,picche,K
output\K.picche\23.jpg,picche,K
output\K.picche\24.jpg,picche,K
output\K.picche\25.jpg,picche,K
output\K.picche\26.jpg,picche,K
output\K.picche\27.jpg,picche,K
output\K.picche\28.jpg,picche,K
output\K.picche\29.jpg,picche,K
output\K.picche\30.jpg,picche,K
output\K.picche\31.jpg,picche,K
output\K.picche\32.jpg,picche,K
output\K.picche\33.jpg,picche,K
output\K.picche\34.jpg,picche,K
output\K.picche\35.jpg,picche,K
output\K.picche\36.jpg,picche,K
output\K.picche\37.jpg,picche,K
output\K.picche\38.jpg,picche,K
output\K.picche\39.jpg,picche,K
output\K.picche\40.jpg,picche,K
output\K.picche\41.jpg,picche,K
output\K.picche\42.jpg,picche,K
output\K.picche\43.jpg,picche,K
output\K.picche\44.jpg,picche,K
output\K.picche\45.jpg,picche,K
output\K.picche\46.jpg,picche,K
output\K.picche\47.jpg,picche,K
output\K.picche\48.jpg,picche,K
output\K.picche\49.jpg,picche,K
output\K.picche\50.jpg,picche,K
output\K.quadri\1.jpg,quadri,K
output\K.quadri\2.jpg,quadri,K
output\K.quadri\3.jpg,quadri,K
output\K.quadri\4.jpg,quadri,K
output\K.quadri\5.jpg,quadri,K
output\K.quadri\6.jpg,quadri,K
output\K.quadri\7.jpg,quadri,K
output\K.quadri\8.jpg,quadri,K
output\K.quadri\9.jpg,quadri,K
output\K.quadri\10.jpg,quadri,K
output\K.quadri\11.jpg,quadri,K
output\K.quadri\12.jpg,quadri,K
output\K.quadri\13.jpg,quadri,K
output\K.quadri\14.jpg,quadri,K
output\K.quadri\15.jpg,quadri,K
output\K.quadri\16.jpg,quadri,K
output\K.quadri\17.jpg,quadri,K
output\K.quadri\18.jpg,quadri,K
output\K.quadri\19.jpg,quadri,K
output\K.quadri\20.jpg,quadri,K
output\K.quadri\21.jpg,quadri,K
output\K.quadri\22.jpg,quadri,K
output\K.quadri\23.jpg,quadri,K
output\K.quadri\24.jpg,quadri,K
output\K.quadri\25.jpg,quadri,K
output\K.quadri\26.jpg,quadri,K
output\K.quadri\27.jpg,quadri,K
output\K.quadri\28.jpg,quadri,K
output\K.quadri\29.jpg,quadri,K
output\K.quadri\30.jpg,quadri,K
output\K.quadri\31.jpg,quadri,K
output\K.quadri\32.jpg,quadri,K
output\K.quadri\33.jpg,quadri,K
output\K.quadri\34.jpg,quadri,K
output\K.quadri\35.jpg,quadri,K
output\K.quadri\36.jpg,quadri,K
output\K.quadri\37.jpg,quadri,K
output\K.quadri\38.jpg,quadri,K
output\K.quadri\39.jpg,quadri,K
output\K.quadri\40.jpg,quadri,K
output\K.quadri\41.jpg,quadri,K
output\K.quadri\42.jpg,quadri,K
output\K.quadri\43.jpg,quadri,K
output\K.quadri\44.jpg,quadri,K
output\K.quadri\45.jpg,quadri,K
output\K.quadri\46.jpg,quadri,K
output\K.quadri\47.jpg,quadri,K
output\K.quadri\48.jpg,quadri,K
output\K.quadri\49.jpg,quadri,K
output\K.quadri\50.jpg,quadri,K
output\Q.cuori\1.jpg,cuori,Q
output\Q.cuori\2.jpg,cuori,Q
output\Q.cuori\3.jpg,cuori,Q
output\Q.cuori\4.jpg,cuori,Q
output\Q.cuori\5.jpg,cuori,Q
output\Q.cuori\6.jpg,cuori,Q
output\Q.cuori\7.jpg,cuori,Q
output\Q.cuori\8.jpg,cuori,Q
output\Q.cuori\9.jpg,cuori,Q
output\Q.cuori\10.jpg,cuori,Q
output\Q.cuori\11.jpg,cuori,Q
output\Q.cuori\12.jpg,cuori,Q
output\Q.cuori\13.jpg,cuori,Q
output\Q.cuori\14.jpg,cuori,Q
output\Q.cuori\15.jpg,cuori,Q
output\Q.cuori\16.jpg,cuori,Q
output\Q.cuori\17.jpg,cuori,Q
output\Q.cuori\18.jpg,cuori,Q
output\Q.cuori\19.jpg,cuori,Q
output\Q.cuori\20.jpg,cuori,Q
output\Q.cuori\21.jpg,cuori,Q
output\Q.cuori\22.jpg,cuori,Q
output\Q.cuori\23.jpg,cuori,Q
output\Q.cuori\24.jpg,cuori,Q
output\Q.cuori\25.jpg,cuori,Q
output\Q.cuori\26.jpg,cuori,Q
output\Q.cuori\27.jpg,cuori,Q
output\Q.cuori\28.jpg,cuori,Q
output\Q.cuori\29.jpg,cuori,Q
output\Q.cuori\30.jpg,cuori,Q
output\Q.cuori\31.jpg,cuori,Q
output\Q.cuori\32.jpg,cuori,Q
output\Q.cuori\33.jpg,cuori,Q
output\Q.cuori\34.jpg,cuori,Q
output\Q.cuori\35.jpg,cuori,Q
output\Q.cuori\36.jpg,cuori,Q
output\Q.cuori\37.jpg,cuori,Q
output\Q.cuori\38.jpg,cuori,Q
output\Q.cuori\39.jpg,cuori,Q
output\Q.cuori\40.jpg,cuori,Q
output\Q.cuori\41.jpg,cuori,Q
output\Q.cuori\42.jpg,cuori,Q
output\Q.cuori\43.jpg,cuori,Q
output\Q.cuori\44.jpg,cuori,Q
output\Q.cuori\45.jpg,cuori,Q
output\Q.cuori\46.jpg,cuori,Q
output\Q.cuori\47.jpg,cuori,Q
output\Q.cuori\48.jpg,cuori,Q
output\Q.cuori\49.jpg,cuori,Q
output\Q.cuori\50.jpg,cuori,Q
output\Q.fiori\1.jpg,fiori,Q
output\Q.fiori\2.jpg,fiori,Q
output\Q.fiori\3.jpg,fiori,Q
output\Q.fiori\4.jpg,fiori,Q
output\Q.fiori\5.jpg,fiori,Q
output\Q.fiori\6.jpg,fiori,Q
output\Q.fiori\7.jpg,fiori,Q
output\Q.fiori\8.jpg,fiori,Q
output\Q.fiori\9.jpg,fiori,Q
output\Q.fiori\10.jpg,fiori,Q
output\Q.fiori\11.jpg,fiori,Q
output\Q.fiori\12.jpg,fiori,Q
output\Q.fiori\13.jpg,fiori,Q
output\Q.fiori\14.jpg,fiori,Q
output\Q.fiori\15.jpg,fiori,Q
output\Q.fiori\16.jpg,fiori,Q
output\Q.fiori\17.jpg,fiori,Q
output\Q.fiori\18.jpg,fiori,Q
output\Q.fiori\19.jpg,fiori,Q
output\Q.fiori\20.jpg,fiori,Q
output\Q.fiori\21.jpg,fiori,Q
output\Q.fiori\22.jpg,fiori,Q
output\Q.fiori\23.jpg,fiori,Q
output\Q.fiori\24.jpg,fiori,Q
output\Q.fiori\25.jpg,fiori,Q
output\Q.fiori\26.jpg,fiori,Q
output\Q.fiori\27.jpg,fiori,Q
output\Q.fiori\28.jpg,fiori,Q
output\Q.fiori\29.jpg,fiori,Q
output\Q.fiori\30.jpg,fiori,Q
output\Q.fiori\31.jpg,fiori,Q
output\Q.fiori\32.jpg,fiori,Q
output\Q.fiori\33.jpg,fiori,Q
output\Q.fiori\34.jpg,fiori,Q
output\Q.fiori\35.jpg,fiori,Q
output\Q.fiori\36.jpg,fiori,Q
output\Q.fiori\37.jpg,fiori,Q
output\Q.fiori\38.jpg,fiori,Q
output\Q.fiori\39.jpg,fiori,Q
output\Q.fiori\40.jpg,fiori,Q
output\Q.fiori\41.jpg,fiori,Q
output\Q.fiori\42.jpg,fiori,Q
output\Q.fiori\43.jpg,fiori,Q
output\Q.fiori\44.jpg,fiori,Q
output\Q.fiori\45.jpg,fiori,Q
output\Q.fiori\46.jpg,fiori,Q
output\Q.fiori\47.jpg,fiori,Q
output\Q.fiori\48.jpg,fiori,Q
output\Q.fiori\49.jpg,fiori,Q
output\Q.fiori\50.jpg,fiori,Q
output\Q.picche\1.jpg,picche,Q
output\Q.picche\2.jpg,picche,Q
output\Q.picche\3.jpg,picche,Q
output\Q.picche\4.jpg,picche,Q
output\Q.picche\5.jpg,picche,Q
output\Q.picche\6.jpg,picche,Q
output\Q.picche\7.jpg,picche,Q
output\Q.picche\8.jpg,picche,Q
output\Q.picche\9.jpg,picche,Q
output\Q.picche\10.jpg,picche,Q
output\Q.picche\11.jpg,picche,Q
output\Q.picche\12.jpg,picche,Q
output\Q.picche\13.jpg,picche,Q
output\Q.picche\14.jpg,picche,Q
output\Q.picche\15.jpg,picche,Q
output\Q.picche\16.jpg,picche,Q
output\Q.picche\17.jpg,picche,Q
output\Q.picche\18.jpg,picche,Q
output\Q.picche\19.jpg,picche,Q
output\Q.picche\20.jpg,picche,Q
output\Q.picche\21.jpg,picche,Q
output\Q.picche\22.jpg,picche,Q
output\Q.picche\23.jpg,picche,Q
output\Q.picche\24.jpg,picche,Q
output\Q.picche\25.jpg,picche,Q
output\Q.picche\26.jpg,picche,Q
output\Q.picche\27.jpg,picche,Q
output\Q.picche\28.jpg,picche,Q
output\Q.picche\29.jpg,picche,Q
output\Q.picche\30.jpg,picche,Q
output\Q.picche\31.jpg,picche,Q
output\Q.picche\32.jpg,picche,Q
output\Q.picche\33.jpg,picche,Q
output\Q.picche\34.jpg,picche,Q
output\Q.picche\35.jpg,picche,Q
output\Q.picche\36.jpg,picche,Q
output\Q.picche\37.jpg,picche,Q
output\Q.picche\38.jpg,picche,Q
output\Q.picche\39.jpg,picche,Q
output\Q.picche\40.jpg,picche,Q
output\Q.picche\41.jpg,picche,Q
output\Q.picche\42.jpg,picche,Q
output\Q.picche\43.jpg,picche,Q
output\Q.picche\44.jpg,picche,Q
output\Q.picche\45.jpg,picche,Q
output\Q.picche\46.jpg,picche,Q
output\Q.picche\47.jpg,picche,Q
output\Q.picche\48.jpg,picche,Q
output\Q.picche\49.jpg,picche,Q
output\Q.picche\50.jpg,picche,Q
output\Q.quadri\1.jpg,quadri,Q
output\Q.quadri\2.jpg,quadri,Q
output\Q.quadri\3.jpg,quadri,Q
output\Q.quadri\4.jpg,quadri,Q
output\Q.quadri\5.jpg,quadri,Q
output\Q.quadri\6.jpg,quadri,Q
output\Q.quadri\7.jpg,quadri,Q
output\Q.quadri\8.jpg,quadri,Q
output\Q.quadri\9.jpg,quadri,Q
output\Q.quadri\10.jpg,quadri,Q
output\Q.quadri\11.jpg,quadri,Q
output\Q.quadri\12.jpg,quadri,Q
output\Q.quadri\13.jpg,quadri,Q
output\Q.quadri\14.jpg,quadri,Q
output\Q.quadri\15.jpg,quadri,Q
output\Q.quadri\16.jpg,quadri,Q
output\Q.quadri\17.jpg,quadri,Q
output\Q.quadri\18.jpg,quadri,Q
output\Q.quadri\19.jpg,quadri,Q
output\Q.quadri\20.jpg,quadri,Q
output\Q.quadri\21.jpg,quadri,Q
output\Q.quadri\22.jpg,quadri,Q
output\Q.quadri\23.jpg,quadri,Q
output\Q.quadri\24.jpg,quadri,Q
output\Q.quadri\25.jpg,quadri,Q
output\Q.quadri\26.jpg,quadri,Q
output\Q.quadri\27.jpg,quadri,Q
output\Q.quadri\28.jpg,quadri,Q
output\Q.quadri\29.jpg,quadri,Q
output\Q.quadri\30.jpg,quadri,Q
output\Q.quadri\31.jpg,quadri,Q
output\Q.quadri\32.jpg,quadri,Q
output\Q.quadri\33.jpg,quadri,Q
output\Q.quadri\34.jpg,quadri,Q
output\Q.quadri\35.jpg,quadri,Q
output\Q.quadri\36.jpg,quadri,Q
output\Q.quadri\37.jpg,quadri,Q
output\Q.quadri\38.jpg,quadri,Q
output\Q.quadri\39.jpg,quadri,Q
output\Q.quadri\40.jpg,quadri,Q
output\Q.quadri\41.jpg,quadri,Q
output\Q.quadri\42.jpg,quadri,Q
output\Q.quadri\43.jpg,quadri,Q
output\Q.quadri\44.jpg,quadri,Q
output\Q.quadri\45.jpg,quadri,Q
output\Q.quadri\46.jpg,quadri,Q
output\Q.quadri\47.jpg,quadri,Q
output\Q.quadri\48.jpg,quadri,Q
output\Q.quadri\49.jpg,quadri,Q
output\Q.quadri\50.jpg,quadri,Q
boundingBox_dataset\img_0.jpg,cuori,3
boundingBox_dataset\img_1.jpg,picche,6
boundingBox_dataset\img_10.jpg,cuori,5
boundingBox_dataset\img_100.jpg,fiori,A
boundingBox_dataset\img_101.jpg,cuori,J
boundingBox_dataset\img_102.jpg,quadri,3
boundingBox_dataset\img_103.jpg,quadri,3
boundingBox_dataset\img_104.jpg,picche,9
boundingBox_dataset\img_105.jpg,quadri,10
boundingBox_dataset\img_106.jpg,quadri,3
boundingBox_dataset\img_107.jpg,picche,9
boundingBox_dataset\img_108.jpg,cuori,4
boundingBox_dataset\img_109.jpg,quadri,10
boundingBox_dataset\img_11.jpg,picche,9
boundingBox_dataset\img_110.jpg,cuori,4
boundingBox_dataset\img_111.jpg,picche,9
boundingBox_dataset\img_112.jpg,picche,A
boundingBox_dataset\img_113.jpg,picche,A
boundingBox_dataset\img_114.jpg,quadri,3
boundingBox_dataset\img_115.jpg,quadri,10
boundingBox_dataset\img_116.jpg,cuori,4
boundingBox_dataset\img_117.jpg,fiori,3
boundingBox_dataset\img_118.jpg,fiori,3
boundingBox_dataset\img_119.jpg,quadri,2
boundingBox_dataset\img_12.jpg,quadri,3
boundingBox_dataset\img_120.jpg,fiori,8
boundingBox_dataset\img_121.jpg,cuori,J
boundingBox_dataset\img_122.jpg,quadri,2
boundingBox_dataset\img_123.jpg,fiori,3
boundingBox_dataset\img_124.jpg,fiori,8
boundingBox_dataset\img_125.jpg,cuori,J
boundingBox_dataset\img_126.jpg,quadri,2
boundingBox_dataset\img_127.jpg,quadri,2
boundingBox_dataset\img_128.jpg,fiori,3
boundingBox_dataset\img_129.jpg,cuori,J
boundingBox_dataset\img_13.jpg,picche,7
boundingBox_dataset\img_130.jpg,quadri,4
boundingBox_dataset\img_131.jpg,fiori,8
boundingBox_dataset\img_132.jpg,picche,2
boundingBox_dataset\img_133.jpg,cuori,7
boundingBox_dataset\img_134.jpg,cuori,7
boundingBox_dataset\img_135.jpg,cuori,10
boundingBox_dataset\img_136.jpg,cuori,6
boundingBox_dataset\img_137.jpg,cuori,J
boundingBox_dataset\img_138.jpg,quadri,4
boundingBox_dataset\img_139.jpg,quadri,4
boundingBox_dataset\img_14.jpg,picche,6
boundingBox_dataset\img_140.jpg,cuori,6
boundingBox_dataset\img_141.jpg,cuori,J
boundingBox_dataset\img_142.jpg,picche,8
boundingBox_dataset\img_143.jpg,picche,8
boundingBox_dataset\img_144.jpg,quadri,4
boundingBox_dataset\img_145.jpg,cuori,J
boundingBox_dataset\img_146.jpg,fiori,2
boundingBox_dataset\img_147.jpg,picche,5
boundingBox_dataset\img_148.jpg,picche,5
boundingBox_dataset\img_149.jpg,fiori,2
boundingBox_dataset\img_15.jpg,picche,7
boundingBox_dataset\img_150.jpg,cuori,J
boundingBox_dataset\img_151.jpg,quadri,10
boundingBox_dataset\img_152.jpg,picche,5
boundingBox_dataset\img_153.jpg,quadri,10
boundingBox_dataset\img_154.jpg,picche,8
boundingBox_dataset\img_155.jpg,picche,10
boundingBox_dataset\img_156.jpg,picche,10
boundingBox_dataset\img_157.jpg,picche,5
boundingBox_dataset\img_158.jpg,cuori,7
boundingBox_dataset\img_159.jpg,quadri,8
boundingBox_dataset\img_16.jpg,quadri,9
boundingBox_dataset\img_160.jpg,cuori,7
boundingBox_dataset\img_161.jpg,cuori,4
boundingBox_dataset\img_162.jpg,cuori,4
boundingBox_dataset\img_163.jpg,quadri,8
boundingBox_dataset\img_164.jpg,cuori,7
boundingBox_dataset\img_165.jpg,picche,10
boundingBox_dataset\img_166.jpg,picche,10
boundingBox_dataset\img_17.jpg,fiori,K
boundingBox_dataset\img_18.jpg,fiori,K
boundingBox_dataset\img_19.jpg,quadri,7
boundingBox_dataset\img_2.jpg,cuori,8
boundingBox_dataset\img_20.jpg,cuori,2
boundingBox_dataset\img_21.jpg,cuori,2
boundingBox_dataset\img_22.jpg,cuori,10
boundingBox_dataset\img_23.jpg,fiori,5
boundingBox_dataset\img_24.jpg,quadri,Q
boundingBox_dataset\img_25.jpg,fiori,A
boundingBox_dataset\img_26.jpg,quadri,Q
boundingBox_dataset\img_27.jpg,fiori,8
boundingBox_dataset\img_28.jpg,quadri,6
boundingBox_dataset\img_29.jpg,quadri,5
boundingBox_dataset\img_3.jpg,cuori,3
boundingBox_dataset\img_30.jpg,cuori,6
boundingBox_dataset\img_31.jpg,quadri,6
boundingBox_dataset\img_32.jpg,fiori,A
boundingBox_dataset\img_33.jpg,fiori,A
boundingBox_dataset\img_34.jpg,picche,7
boundingBox_dataset\img_35.jpg,quadri,4
boundingBox_dataset\img_36.jpg,picche,3
boundingBox_dataset\img_37.jpg,quadri,10
boundingBox_dataset\img_38.jpg,cuori,Q
boundingBox_dataset\img_39.jpg,quadri,10
boundingBox_dataset\img_4.jpg,cuori,A
boundingBox_dataset\img_40.jpg,cuori,K
boundingBox_dataset\img_41.jpg,picche,6
boundingBox_dataset\img_42.jpg,fiori,7
boundingBox_dataset\img_43.jpg,fiori,7
boundingBox_dataset\img_44.jpg,cuori,9
boundingBox_dataset\img_45.jpg,fiori,9
boundingBox_dataset\img_46.jpg,fiori,Q
boundingBox_dataset\img_47.jpg,cuori,9
boundingBox_dataset\img_48.jpg,cuori,5
boundingBox_dataset\img_49.jpg,picche,Q
boundingBox_dataset\img_5.jpg,quadri,5
boundingBox_dataset\img_50.jpg,cuori,5
boundingBox_dataset\img_51.jpg,fiori,10
boundingBox_dataset\img_52.jpg,cuori,3
boundingBox_dataset\img_53.jpg,fiori,A
boundingBox_dataset\img_54.jpg,quadri,8
boundingBox_dataset\img_55.jpg,fiori,A
boundingBox_dataset\img_56.jpg,cuori,Q
boundingBox_dataset\img_57.jpg,fiori,J
boundingBox_dataset\img_58.jpg,quadri,5
boundingBox_dataset\img_59.jpg,fiori,J
boundingBox_dataset\img_6.jpg,quadri,A
boundingBox_dataset\img_60.jpg,cuori,4
boundingBox_dataset\img_61.jpg,fiori,5
boundingBox_dataset\img_62.jpg,quadri,A
boundingBox_dataset\img_63.jpg,fiori,5
boundingBox_dataset\img_64.jpg,quadri,5
boundingBox_dataset\img_65.jpg,fiori,8
boundingBox_dataset\img_66.jpg,picche,9
boundingBox_dataset\img_67.jpg,fiori,8
boundingBox_dataset\img_68.jpg,cuori,J
boundingBox_dataset\img_69.jpg,cuori,J
boundingBox_dataset\img_7.jpg,quadri,5
boundingBox_dataset\img_70.jpg,fiori,7
boundingBox_dataset\img_71.jpg,fiori,10
boundingBox_dataset\img_72.jpg,quadri,Q
boundingBox_dataset\img_73.jpg,fiori,3
boundingBox_dataset\img_74.jpg,quadri,Q
boundingBox_dataset\img_75.jpg,picche,9
boundingBox_dataset\img_76.jpg,cuori,K
boundingBox_dataset\img_77.jpg,cuori,9
boundingBox_dataset\img_78.jpg,cuori,K
boundingBox_dataset\img_79.jpg,quadri,8
boundingBox_dataset\img_8.jpg,cuori,8
boundingBox_dataset\img_80.jpg,picche,9
boundingBox_dataset\img_81.jpg,picche,5
boundingBox_dataset\img_82.jpg,fiori,J
boundingBox_dataset\img_83.jpg,fiori,J
boundingBox_dataset\img_84.jpg,cuori,3
boundingBox_dataset\img_85.jpg,cuori,3
boundingBox_dataset\img_86.jpg,quadri,6
boundingBox_dataset\img_87.jpg,quadri,8
boundingBox_dataset\img_88.jpg,cuori,8
boundingBox_dataset\img_89.jpg,cuori,3
boundingBox_dataset\img_9.jpg,picche,9
boundingBox_dataset\img_90.jpg,cuori,8
boundingBox_dataset\img_91.jpg,quadri,8
boundingBox_dataset\img_92.jpg,quadri,6
boundingBox_dataset\img_93.jpg,cuori,J
boundingBox_dataset\img_94.jpg,picche,3
boundingBox_dataset\img_95.jpg,cuori,J
boundingBox_dataset\img_96.jpg,fiori,8
boundingBox_dataset\img_97.jpg,picche,3
boundingBox_dataset\img_98.jpg,fiori,8
boundingBox_dataset\img_99.jpg,fiori,A
output_cut_simple_cards\0.jpg,fiori,10
output_cut_simple_cards\1.jpg,fiori,10
output_cut_simple_cards\2.jpg,fiori,10
output_cut_simple_cards\3.jpg,fiori,10
output_cut_simple_cards\4.jpg,fiori,10
output_cut_simple_cards\5.jpg,fiori,10
output_cut_simple_cards\6.jpg,fiori,10
output_cut_simple_cards\7.jpg,fiori,10
output_cut_simple_cards\8.jpg,fiori,10
output_cut_simple_cards\9.jpg,fiori,10
output_cut_simple_cards\10.jpg,fiori,10
output_cut_simple_cards\11.jpg,fiori,10
output_cut_simple_cards\12.jpg,fiori,10
output_cut_simple_cards\13.jpg,fiori,10
output_cut_simple_cards\14.jpg,fiori,10
output_cut_simple_cards\15.jpg,fiori,10
output_cut_simple_cards\16.jpg,fiori,10
output_cut_simple_cards\17.jpg,fiori,10
output_cut_simple_cards\18.jpg,fiori,10
output_cut_simple_cards\19.jpg,fiori,10
output_cut_simple_cards\20.jpg,fiori,10
output_cut_simple_cards\21.jpg,fiori,10
output_cut_simple_cards\22.jpg,fiori,10
output_cut_simple_cards\23.jpg,fiori,10
output_cut_simple_cards\24.jpg,fiori,10
output_cut_simple_cards\25.jpg,quadri,10
output_cut_simple_cards\26.jpg,quadri,10
output_cut_simple_cards\27.jpg,quadri,10
output_cut_simple_cards\28.jpg,quadri,10
output_cut_simple_cards\29.jpg,quadri,10
output_cut_simple_cards\30.jpg,quadri,10
output_cut_simple_cards\31.jpg,quadri,10
output_cut_simple_cards\32.jpg,quadri,10
output_cut_simple_cards\33.jpg,quadri,10
output_cut_simple_cards\34.jpg,quadri,10
output_cut_simple_cards\35.jpg,quadri,10
output_cut_simple_cards\36.jpg,quadri,10
output_cut_simple_cards\37.jpg,quadri,10
output_cut_simple_cards\38.jpg,quadri,10
output_cut_simple_cards\39.jpg,quadri,10
output_cut_simple_cards\40.jpg,quadri,10
output_cut_simple_cards\41.jpg,quadri,10
output_cut_simple_cards\42.jpg,quadri,10
output_cut_simple_cards\43.jpg,quadri,10
output_cut_simple_cards\44.jpg,quadri,10
output_cut_simple_cards\45.jpg,quadri,10
output_cut_simple_cards\46.jpg,quadri,10
output_cut_simple_cards\47.jpg,quadri,10
output_cut_simple_cards\48.jpg,quadri,10
output_cut_simple_cards\49.jpg,quadri,10
output_cut_simple_cards\50.jpg,cuori,10
output_cut_simple_cards\51.jpg,cuori,10
output_cut_simple_cards\52.jpg,cuori,10
output_cut_simple_cards\53.jpg,cuori,10
output_cut_simple_cards\54.jpg,cuori,10
output_cut_simple_cards\55.jpg,cuori,10
output_cut_simple_cards\56.jpg,cuori,10
output_cut_simple_cards\57.jpg,cuori,10
output_cut_simple_cards\58.jpg,cuori,10
output_cut_simple_cards\59.jpg,cuori,10
output_cut_simple_cards\60.jpg,cuori,10
output_cut_simple_cards\61.jpg,cuori,10
output_cut_simple_cards\62.jpg,cuori,10
output_cut_simple_cards\63.jpg,cuori,10
output_cut_simple_cards\64.jpg,cuori,10
output_cut_simple_cards\65.jpg,cuori,10
output_cut_simple_cards\66.jpg,cuori,10
output_cut_simple_cards\67.jpg,cuori,10
output_cut_simple_cards\68.jpg,cuori,10
output_cut_simple_cards\69.jpg,cuori,10
output_cut_simple_cards\70.jpg,cuori,10
output_cut_simple_cards\71.jpg,cuori,10
output_cut_simple_cards\72.jpg,cuori,10
output_cut_simple_cards\73.jpg,cuori,10
output_cut_simple_cards\74.jpg,cuori,10
output_cut_simple_cards\75.jpg,picche,10
output_cut_simple_cards\76.jpg,picche,10
output_cut_simple_cards\77.jpg,picche,10
output_cut_simple_cards\78.jpg,picche,10
output_cut_simple_cards\79.jpg,picche,10
output_cut_simple_cards\80.jpg,picche,10
output_cut_simple_cards\81.jpg,picche,10
output_cut_simple_cards\82.jpg,picche,10
output_cut_simple_cards\83.jpg,picche,10
output_cut_simple_cards\84.jpg,picche,10
output_cut_simple_cards\85.jpg,picche,10
output_cut_simple_cards\86.jpg,picche,10
output_cut_simple_cards\87.jpg,picche,10
output_cut_simple_cards\88.jpg,picche,10
output_cut_simple_cards\89.jpg,picche,10
output_cut_simple_cards\90.jpg,picche,10
output_cut_simple_cards\91.jpg,picche,10
output_cut_simple_cards\92.jpg,picche,10
output_cut_simple_cards\93.jpg,picche,10
output_cut_simple_cards\94.jpg,picche,10
output_cut_simple_cards\95.jpg,picche,10
output_cut_simple_cards\96.jpg,picche,10
output_cut_simple_cards\97.jpg,picche,10
output_cut_simple_cards\98.jpg,picche,10
output_cut_simple_cards\99.jpg,picche,10
output_cut_simple_cards\100.jpg,fiori,2
output_cut_simple_cards\101.jpg,fiori,2
output_cut_simple_cards\102.jpg,fiori,2
output_cut_simple_cards\103.jpg,fiori,2
output_cut_simple_cards\104.jpg,fiori,2
output_cut_simple_cards\105.jpg,fiori,2
output_cut_simple_cards\106.jpg,fiori,2
output_cut_simple_cards\107.jpg,fiori,2
output_cut_simple_cards\108.jpg,fiori,2
output_cut_simple_cards\109.jpg,fiori,2
output_cut_simple_cards\110.jpg,fiori,2
output_cut_simple_cards\111.jpg,fiori,2
output_cut_simple_cards\112.jpg,fiori,2
output_cut_simple_cards\113.jpg,fiori,2
output_cut_simple_cards\114.jpg,fiori,2
output_cut_simple_cards\115.jpg,fiori,2
output_cut_simple_cards\116.jpg,fiori,2
output_cut_simple_cards\117.jpg,fiori,2
output_cut_simple_cards\118.jpg,fiori,2
output_cut_simple_cards\119.jpg,fiori,2
output_cut_simple_cards\120.jpg,fiori,2
output_cut_simple_cards\121.jpg,fiori,2
output_cut_simple_cards\122.jpg,fiori,2
output_cut_simple_cards\123.jpg,fiori,2
output_cut_simple_cards\124.jpg,fiori,2
output_cut_simple_cards\125.jpg,quadri,2
output_cut_simple_cards\126.jpg,quadri,2
output_cut_simple_cards\127.jpg,quadri,2
output_cut_simple_cards\128.jpg,quadri,2
output_cut_simple_cards\129.jpg,quadri,2
output_cut_simple_cards\130.jpg,quadri,2
output_cut_simple_cards\131.jpg,quadri,2
output_cut_simple_cards\132.jpg,quadri,2
output_cut_simple_cards\133.jpg,quadri,2
output_cut_simple_cards\134.jpg,quadri,2
output_cut_simple_cards\135.jpg,quadri,2
output_cut_simple_cards\136.jpg,quadri,2
output_cut_simple_cards\137.jpg,quadri,2
output_cut_simple_cards\138.jpg,quadri,2
output_cut_simple_cards\139.jpg,quadri,2
output_cut_simple_cards\140.jpg,quadri,2
output_cut_simple_cards\141.jpg,quadri,2
output_cut_simple_cards\142.jpg,quadri,2
output_cut_simple_cards\143.jpg,quadri,2
output_cut_simple_cards\144.jpg,quadri,2
output_cut_simple_cards\145.jpg,quadri,2
output_cut_simple_cards\146.jpg,quadri,2
output_cut_simple_cards\147.jpg,quadri,2
output_cut_simple_cards\148.jpg,quadri,2
output_cut_simple_cards\149.jpg,quadri,2
output_cut_simple_cards\150.jpg,cuori,2
output_cut_simple_cards\151.jpg,cuori,2
output_cut_simple_cards\152.jpg,cuori,2
output_cut_simple_cards\153.jpg,cuori,2
output_cut_simple_cards\154.jpg,cuori,2
output_cut_simple_cards\155.jpg,cuori,2
output_cut_simple_cards\156.jpg,cuori,2
output_cut_simple_cards\157.jpg,cuori,2
output_cut_simple_cards\158.jpg,cuori,2
output_cut_simple_cards\159.jpg,cuori,2
output_cut_simple_cards\160.jpg,cuori,2
output_cut_simple_cards\161.jpg,cuori,2
output_cut_simple_cards\162.jpg,cuori,2
output_cut_simple_cards\163.jpg,cuori,2
output_cut_simple_cards\164.jpg,cuori,2
output_cut_simple_cards\165.jpg,cuori,2
output_cut_simple_cards\166.jpg,cuori,2
output_cut_simple_cards\167.jpg,cuori,2
output_cut_simple_cards\168.jpg,cuori,2
output_cut_simple_cards\169.jpg,cuori,2
output_cut_simple_cards\170.jpg,cuori,2
output_cut_simple_cards\171.jpg,cuori,2
output_cut_simple_cards\172.jpg,cuori,2
output_cut_simple_cards\173.jpg,cuori,2
output_cut_simple_cards\174.jpg,cuori,2
output_cut_simple_cards\175.jpg,picche,2
output_cut_simple_cards\176.jpg,picche,2
output_cut_simple_cards\177.jpg,picche,2
output_cut_simple_cards\178.jpg,picche,2
output_cut_simple_cards\179.jpg,picche,2
output_cut_simple_cards\180.jpg,picche,2
output_cut_simple_cards\181.jpg,picche,2
output_cut_simple_cards\182.jpg,picche,2
output_cut_simple_cards\183.jpg,picche,2
output_cut_simple_cards\184.jpg,picche,2
output_cut_simple_cards\185.jpg,picche,2
output_cut_simple_cards\186.jpg,picche,2
output_cut_simple_cards\187.jpg,picche,2
output_cut_simple_cards\188.jpg,picche,2
output_cut_simple_cards\189.jpg,picche,2
output_cut_simple_cards\190.jpg,picche,2
output_cut_simple_cards\191.jpg,picche,2
output_cut_simple_cards\192.jpg,picche,2
output_cut_simple_cards\193.jpg,picche,2
output_cut_simple_cards\194.jpg,picche,2
output_cut_simple_cards\195.jpg,picche,2
output_cut_simple_cards\196.jpg,picche,2
output_cut_simple_cards\197.jpg,picche,2
output_cut_simple_cards\198.jpg,picche,2
output_cut_simple_cards\199.jpg,picche,2
output_cut_simple_cards\200.jpg,fiori,3
output_cut_simple_cards\201.jpg,fiori,3
output_cut_simple_cards\202.jpg,fiori,3
output_cut_simple_cards\203.jpg,fiori,3
output_cut_simple_cards\204.jpg,fiori,3
output_cut_simple_cards\205.jpg,fiori,3
output_cut_simple_cards\206.jpg,fiori,3
output_cut_simple_cards\207.jpg,fiori,3
output_cut_simple_cards\208.jpg,fiori,3
output_cut_simple_cards\209.jpg,fiori,3
output_cut_simple_cards\210.jpg,fiori,3
output_cut_simple_cards\211.jpg,fiori,3
output_cut_simple_cards\212.jpg,fiori,3
output_cut_simple_cards\213.jpg,fiori,3
output_cut_simple_cards\214.jpg,fiori,3
output_cut_simple_cards\215.jpg,fiori,3
output_cut_simple_cards\216.jpg,fiori,3
output_cut_simple_cards\217.jpg,fiori,3
output_cut_simple_cards\218.jpg,fiori,3
output_cut_simple_cards\219.jpg,fiori,3
output_cut_simple_cards\220.jpg,fiori,3
output_cut_simple_cards\221.jpg,fiori,3
output_cut_simple_cards\222.jpg,fiori,3
output_cut_simple_cards\223.jpg,fiori,3
output_cut_simple_cards\224.jpg,fiori,3
output_cut_simple_cards\225.jpg,quadri,3
output_cut_simple_cards\226.jpg,quadri,3
output_cut_simple_cards\227.jpg,quadri,3
output_cut_simple_cards\228.jpg,quadri,3
output_cut_simple_cards\229.jpg,quadri,3
output_cut_simple_cards\230.jpg,quadri,3
output_cut_simple_cards\231.jpg,quadri,3
output_cut_simple_cards\232.jpg,quadri,3
output_cut_simple_cards\233.jpg,quadri,3
output_cut_simple_cards\234.jpg,quadri,3
output_cut_simple_cards\235.jpg,quadri,3
output_cut_simple_cards\236.jpg,quadri,3
output_cut_simple_cards\237.jpg,quadri,3
output_cut_simple_cards\238.jpg,quadri,3
output_cut_simple_cards\239.jpg,quadri,3
output_cut_simple_cards\240.jpg,quadri,3
output_cut_simple_cards\241.jpg,quadri,3
output_cut_simple_cards\242.jpg,quadri,3
output_cut_simple_cards\243.jpg,quadri,3
output_cut_simple_cards\244.jpg,quadri,3
output_cut_simple_cards\245.jpg,quadri,3
output_cut_simple_cards\246.jpg,quadri,3
output_cut_simple_cards\247.jpg,quadri,3
output_cut_simple_cards\248.jpg,quadri,3
output_cut_simple_cards\249.jpg,quadri,3
output_cut_simple_cards\250.jpg,cuori,3
output_cut_simple_cards\251.jpg,cuori,3
output_cut_simple_cards\252.jpg,cuori,3
output_cut_simple_cards\253.jpg,cuori,3
output_cut_simple_cards\254.jpg,cuori,3
output_cut_simple_cards\255.jpg,cuori,3
output_cut_simple_cards\256.jpg,cuori,3
output_cut_simple_cards\257.jpg,cuori,3
output_cut_simple_cards\258.jpg,cuori,3
output_cut_simple_cards\259.jpg,cuori,3
output_cut_simple_cards\260.jpg,cuori,3
output_cut_simple_cards\261.jpg,cuori,3
output_cut_simple_cards\262.jpg,cuori,3
output_cut_simple_cards\263.jpg,cuori,3
output_cut_simple_cards\264.jpg,cuori,3
output_cut_simple_cards\265.jpg,cuori,3
output_cut_simple_cards\266.jpg,cuori,3
output_cut_simple_cards\267.jpg,cuori,3
output_cut_simple_cards\268.jpg,cuori,3
output_cut_simple_cards\269.jpg,cuori,3
output_cut_simple_cards\270.jpg,cuori,3
output_cut_simple_cards\271.jpg,cuori,3
output_cut_simple_cards\272.jpg,cuori,3
output_cut_simple_cards\273.jpg,cuori,3
output_cut_simple_cards\274.jpg,cuori,3
output_cut_simple_cards\275.jpg,picche,3
output_cut_simple_cards\276.jpg,picche,3
output_cut_simple_cards\277.jpg,picche,3
output_cut_simple_cards\278.jpg,picche,3
output_cut_simple_cards\279.jpg,picche,3
output_cut_simple_cards\280.jpg,picche,3
output_cut_simple_cards\281.jpg,picche,3
output_cut_simple_cards\282.jpg,picche,3
output_cut_simple_cards\283.jpg,picche,3
output_cut_simple_cards\284.jpg,picche,3
output_cut_simple_cards\285.jpg,picche,3
output_cut_simple_cards\286.jpg,picche,3
output_cut_simple_cards\287.jpg,picche,3
output_cut_simple_cards\288.jpg,picche,3
output_cut_simple_cards\289.jpg,picche,3
output_cut_simple_cards\290.jpg,picche,3
output_cut_simple_cards\291.jpg,picche,3
output_cut_simple_cards\292.jpg,picche,3
output_cut_simple_cards\293.jpg,picche,3
output_cut_simple_cards\294.jpg,picche,3
output_cut_simple_cards\295.jpg,picche,3
output_cut_simple_cards\296.jpg,picche,3
output_cut_simple_cards\297.jpg,picche,3
output_cut_simple_cards\298.jpg,picche,3
output_cut_simple_cards\299.jpg,picche,3
output_cut_simple_cards\300.jpg,fiori,4
output_cut_simple_cards\301.jpg,fiori,4
output_cut_simple_cards\302.jpg,fiori,4
output_cut_simple_cards\303.jpg,fiori,4
output_cut_simple_cards\304.jpg,fiori,4
output_cut_simple_cards\305.jpg,fiori,4
output_cut_simple_cards\306.jpg,fiori,4
output_cut_simple_cards\307.jpg,fiori,4
output_cut_simple_cards\308.jpg,fiori,4
output_cut_simple_cards\309.jpg,fiori,4
output_cut_simple_cards\310.jpg,fiori,4
output_cut_simple_cards\311.jpg,fiori,4
output_cut_simple_cards\312.jpg,fiori,4
output_cut_simple_cards\313.jpg,fiori,4
output_cut_simple_cards\314.jpg,fiori,4
output_cut_simple_cards\315.jpg,fiori,4
output_cut_simple_cards\316.jpg,fiori,4
output_cut_simple_cards\317.jpg,fiori,4
output_cut_simple_cards\318.jpg,fiori,4
output_cut_simple_cards\319.jpg,fiori,4
output_cut_simple_cards\320.jpg,fiori,4
output_cut_simple_cards\321.jpg,fiori,4
output_cut_simple_cards\322.jpg,fiori,4
output_cut_simple_cards\323.jpg,fiori,4
output_cut_simple_cards\324.jpg,fiori,4
output_cut_simple_cards\325.jpg,quadri,4
output_cut_simple_cards\326.jpg,quadri,4
output_cut_simple_cards\327.jpg,quadri,4
output_cut_simple_cards\328.jpg,quadri,4
output_cut_simple_cards\329.jpg,quadri,4
output_cut_simple_cards\330.jpg,quadri,4
output_cut_simple_cards\331.jpg,quadri,4
output_cut_simple_cards\332.jpg,quadri,4
output_cut_simple_cards\333.jpg,quadri,4
output_cut_simple_cards\334.jpg,quadri,4
output_cut_simple_cards\335.jpg,quadri,4
output_cut_simple_cards\336.jpg,quadri,4
output_cut_simple_cards\337.jpg,quadri,4
output_cut_simple_cards\338.jpg,quadri,4
output_cut_simple_cards\339.jpg,quadri,4
output_cut_simple_cards\340.jpg,quadri,4
output_cut_simple_cards\341.jpg,quadri,4
output_cut_simple_cards\342.jpg,quadri,4
output_cut_simple_cards\343.jpg,quadri,4
output_cut_simple_cards\344.jpg,quadri,4
output_cut_simple_cards\345.jpg,quadri,4
output_cut_simple_cards\346.jpg,quadri,4
output_cut_simple_cards\347.jpg,quadri,4
output_cut_simple_cards\348.jpg,quadri,4
output_cut_simple_cards\349.jpg,quadri,4
output_cut_simple_cards\350.jpg,cuori,4
output_cut_simple_cards\351.jpg,cuori,4
output_cut_simple_cards\352.jpg,cuori,4
output_cut_simple_cards\353.jpg,cuori,4
output_cut_simple_cards\354.jpg,cuori,4
output_cut_simple_cards\355.jpg,cuori,4
output_cut_simple_cards\356.jpg,cuori,4
output_cut_simple_cards\357.jpg,cuori,4
output_cut_simple_cards\358.jpg,cuori,4
output_cut_simple_cards\359.jpg,cuori,4
output_cut_simple_cards\360.jpg,cuori,4
output_cut_simple_cards\361.jpg,cuori,4
output_cut_simple_cards\362.jpg,cuori,4
output_cut_simple_cards\363.jpg,cuori,4
output_cut_simple_cards\364.jpg,cuori,4
output_cut_simple_cards\365.jpg,cuori,4
output_cut_simple_cards\366.jpg,cuori,4
output_cut_simple_cards\367.jpg,cuori,4
output_cut_simple_cards\368.jpg,cuori,4
output_cut_simple_cards\369.jpg,cuori,4
output_cut_simple_cards\370.jpg,cuori,4
output_cut_simple_cards\371.jpg,cuori,4
output_cut_simple_cards\372.jpg,cuori,4
output_cut_simple_cards\373.jpg,cuori,4
output_cut_simple_cards\374.jpg,cuori,4
output_cut_simple_cards\375.jpg,picche,4
output_cut_simple_cards\376.jpg,picche,4
output_cut_simple_cards\377.jpg,picche,4
output_cut_simple_cards\378.jpg,picche,4
output_cut_simple_cards\379.jpg,picche,4
output_cut_simple_cards\380.jpg,picche,4
output_cut_simple_cards\381.jpg,picche,4
output_cut_simple_cards\382.jpg,picche,4
output_cut_simple_cards\383.jpg,picche,4
output_cut_simple_cards\384.jpg,picche,4
output_cut_simple_cards\385.jpg,picche,4
output_cut_simple_cards\386.jpg,picche,4
output_cut_simple_cards\387.jpg,picche,4
output_cut_simple_cards\388.jpg,picche,4
output_cut_simple_cards\389.jpg,picche,4
output_cut_simple_cards\390.jpg,picche,4
output_cut_simple_cards\391.jpg,picche,4
output_cut_simple_cards\392.jpg,picche,4
output_cut_simple_cards\393.jpg,picche,4
output_cut_simple_cards\394.jpg,picche,4
output_cut_simple_cards\395.jpg,picche,4
output_cut_simple_cards\396.jpg,picche,4
output_cut_simple_cards\397.jpg,picche,4
output_cut_simple_cards\398.jpg,picche,4
output_cut_simple_cards\399.jpg,picche,4
output_cut_simple_cards\400.jpg,fiori,5
output_cut_simple_cards\401.jpg,fiori,5
output_cut_simple_cards\402.jpg,fiori,5
output_cut_simple_cards\403.jpg,fiori,5
output_cut_simple_cards\404.jpg,fiori,5
output_cut_simple_cards\405.jpg,fiori,5
output_cut_simple_cards\406.jpg,fiori,5
output_cut_simple_cards\407.jpg,fiori,5
output_cut_simple_cards\408.jpg,fiori,5
output_cut_simple_cards\409.jpg,fiori,5
output_cut_simple_cards\410.jpg,fiori,5
output_cut_simple_cards\411.jpg,fiori,5
output_cut_simple_cards\412.jpg,fiori,5
output_cut_simple_cards\413.jpg,fiori,5
output_cut_simple_cards\414.jpg,fiori,5
output_cut_simple_cards\415.jpg,fiori,5
output_cut_simple_cards\416.jpg,fiori,5
output_cut_simple_cards\417.jpg,fiori,5
output_cut_simple_cards\418.jpg,fiori,5
output_cut_simple_cards\419.jpg,fiori,5
output_cut_simple_cards\420.jpg,fiori,5
output_cut_simple_cards\421.jpg,fiori,5
output_cut_simple_cards\422.jpg,fiori,5
output_cut_simple_cards\423.jpg,fiori,5
output_cut_simple_cards\424.jpg,fiori,5
output_cut_simple_cards\425.jpg,quadri,5
output_cut_simple_cards\426.jpg,quadri,5
output_cut_simple_cards\427.jpg,quadri,5
output_cut_simple_cards\428.jpg,quadri,5
output_cut_simple_cards\429.jpg,quadri,5
output_cut_simple_cards\430.jpg,quadri,5
output_cut_simple_cards\431.jpg,quadri,5
output_cut_simple_cards\432.jpg,quadri,5
output_cut_simple_cards\433.jpg,quadri,5
output_cut_simple_cards\434.jpg,quadri,5
output_cut_simple_cards\435.jpg,quadri,5
output_cut_simple_cards\436.jpg,quadri,5
output_cut_simple_cards\437.jpg,quadri,5
output_cut_simple_cards\438.jpg,quadri,5
output_cut_simple_cards\439.jpg,quadri,5
output_cut_simple_cards\440.jpg,quadri,5
output_cut_simple_cards\441.jpg,quadri,5
output_cut_simple_cards\442.jpg,quadri,5
output_cut_simple_cards\443.jpg,quadri,5
output_cut_simple_cards\444.jpg,quadri,5
output_cut_simple_cards\445.jpg,quadri,5
output_cut_simple_cards\446.jpg,quadri,5
output_cut_simple_cards\447.jpg,quadri,5
output_cut_simple_cards\448.jpg,quadri,5
output_cut_simple_cards\449.jpg,quadri,5
output_cut_simple_cards\450.jpg,cuori,5
output_cut_simple_cards\451.jpg,cuori,5
output_cut_simple_cards\452.jpg,cuori,5
output_cut_simple_cards\453.jpg,cuori,5
output_cut_simple_cards\454.jpg,cuori,5
output_cut_simple_cards\455.jpg,cuori,5
output_cut_simple_cards\456.jpg,cuori,5
output_cut_simple_cards\457.jpg,cuori,5
output_cut_simple_cards\458.jpg,cuori,5
output_cut_simple_cards\459.jpg,cuori,5
output_cut_simple_cards\460.jpg,cuori,5
output_cut_simple_cards\461.jpg,cuori,5
output_cut_simple_cards\462.jpg,cuori,5
output_cut_simple_cards\463.jpg,cuori,5
output_cut_simple_cards\464.jpg,cuori,5
output_cut_simple_cards\465.jpg,cuori,5
output_cut_simple_cards\466.jpg,cuori,5
output_cut_simple_cards\467.jpg,cuori,5
output_cut_simple_cards\468.jpg,cuori,5
output_cut_simple_cards\469.jpg,cuori,5
output_cut_simple_cards\470.jpg,cuori,5
output_cut_simple_cards\471.jpg,cuori,5
output_cut_simple_cards\472.jpg,cuori,5
output_cut_simple_cards\473.jpg,cuori,5
output_cut_simple_cards\474.jpg,cuori,5
output_cut_simple_cards\475.jpg,picche,5
output_cut_simple_cards\476.jpg,picche,5
output_cut_simple_cards\477.jpg,picche,5
output_cut_simple_cards\478.jpg,picche,5
output_cut_simple_cards\479.jpg,picche,5
output_cut_simple_cards\480.jpg,picche,5
output_cut_simple_cards\481.jpg,picche,5
output_cut_simple_cards\482.jpg,picche,5
output_cut_simple_cards\483.jpg,picche,5
output_cut_simple_cards\484.jpg,picche,5
output_cut_simple_cards\485.jpg,picche,5
output_cut_simple_cards\486.jpg,picche,5
output_cut_simple_cards\487.jpg,picche,5
output_cut_simple_cards\488.jpg,picche,5
output_cut_simple_cards\489.jpg,picche,5
output_cut_simple_cards\490.jpg,picche,5
output_cut_simple_cards\491.jpg,picche,5
output_cut_simple_cards\492.jpg,picche,5
output_cut_simple_cards\493.jpg,picche,5
output_cut_simple_cards\494.jpg,picche,5
output_cut_simple_cards\495.jpg,picche,5
output_cut_simple_cards\496.jpg,picche,5
output_cut_simple_cards\497.jpg,picche,5
output_cut_simple_cards\498.jpg,picche,5
output_cut_simple_cards\499.jpg,picche,5
output_cut_simple_cards\500.jpg,fiori,6
output_cut_simple_cards\501.jpg,fiori,6
output_cut_simple_cards\502.jpg,fiori,6
output_cut_simple_cards\503.jpg,fiori,6
output_cut_simple_cards\504.jpg,fiori,6
output_cut_simple_cards\505.jpg,fiori,6
output_cut_simple_cards\506.jpg,fiori,6
output_cut_simple_cards\507.jpg,fiori,6
output_cut_simple_cards\508.jpg,fiori,6
output_cut_simple_cards\509.jpg,fiori,6
output_cut_simple_cards\510.jpg,fiori,6
output_cut_simple_cards\511.jpg,fiori,6
output_cut_simple_cards\512.jpg,fiori,6
output_cut_simple_cards\513.jpg,fiori,6
output_cut_simple_cards\514.jpg,fiori,6
output_cut_simple_cards\515.jpg,fiori,6
output_cut_simple_cards\516.jpg,fiori,6
output_cut_simple_cards\517.jpg,fiori,6
output_cut_simple_cards\518.jpg,fiori,6
output_cut_simple_cards\519.jpg,fiori,6
output_cut_simple_cards\520.jpg,fiori,6
output_cut_simple_cards\521.jpg,fiori,6
output_cut_simple_cards\522.jpg,fiori,6
output_cut_simple_cards\523.jpg,fiori,6
output_cut_simple_cards\524.jpg,fiori,6
output_cut_simple_cards\525.jpg,quadri,6
output_cut_simple_cards\526.jpg,quadri,6
output_cut_simple_cards\527.jpg,quadri,6
output_cut_simple_cards\528.jpg,quadri,6
output_cut_simple_cards\529.jpg,quadri,6
output_cut_simple_cards\530.jpg,quadri,6
output_cut_simple_cards\531.jpg,quadri,6
output_cut_simple_cards\532.jpg,quadri,6
output_cut_simple_cards\533.jpg,quadri,6
output_cut_simple_cards\534.jpg,quadri,6
output_cut_simple_cards\535.jpg,quadri,6
output_cut_simple_cards\536.jpg,quadri,6
output_cut_simple_cards\537.jpg,quadri,6
output_cut_simple_cards\538.jpg,quadri,6
output_cut_simple_cards\539.jpg,quadri,6
output_cut_simple_cards\540.jpg,quadri,6
output_cut_simple_cards\541.jpg,quadri,6
output_cut_simple_cards\542.jpg,quadri,6
output_cut_simple_cards\543.jpg,quadri,6
output_cut_simple_cards\544.jpg,quadri,6
output_cut_simple_cards\545.jpg,quadri,6
output_cut_simple_cards\546.jpg,quadri,6
output_cut_simple_cards\547.jpg,quadri,6
output_cut_simple_cards\548.jpg,quadri,6
output_cut_simple_cards\549.jpg,quadri,6
output_cut_simple_cards\550.jpg,cuori,6
output_cut_simple_cards\551.jpg,cuori,6
output_cut_simple_cards\552.jpg,cuori,6
output_cut_simple_cards\553.jpg,cuori,6
output_cut_simple_cards\554.jpg,cuori,6
output_cut_simple_cards\555.jpg,cuori,6
output_cut_simple_cards\556.jpg,cuori,6
output_cut_simple_cards\557.jpg,cuori,6
output_cut_simple_cards\558.jpg,cuori,6
output_cut_simple_cards\559.jpg,cuori,6
output_cut_simple_cards\560.jpg,cuori,6
output_cut_simple_cards\561.jpg,cuori,6
output_cut_simple_cards\562.jpg,cuori,6
output_cut_simple_cards\563.jpg,cuori,6
output_cut_simple_cards\564.jpg,cuori,6
output_cut_simple_cards\565.jpg,cuori,6
output_cut_simple_cards\566.jpg,cuori,6
output_cut_simple_cards\567.jpg,cuori,6
output_cut_simple_cards\568.jpg,cuori,6
output_cut_simple_cards\569.jpg,cuori,6
output_cut_simple_cards\570.jpg,cuori,6
output_cut_simple_cards\571.jpg,cuori,6
output_cut_simple_cards\572.jpg,cuori,6
output_cut_simple_cards\573.jpg,cuori,6
output_cut_simple_cards\574.jpg,cuori,6
output_cut_simple_cards\575.jpg,picche,6
output_cut_simple_cards\576.jpg,picche,6
output_cut_simple_cards\577.jpg,picche,6
output_cut_simple_cards\578.jpg,picche,6
output_cut_simple_cards\579.jpg,picche,6
output_cut_simple_cards\580.jpg,picche,6
output_cut_simple_cards\581.jpg,picche,6
output_cut_simple_cards\582.jpg,picche,6
output_cut_simple_cards\583.jpg,picche,6
output_cut_simple_cards\584.jpg,picche,6
output_cut_simple_cards\585.jpg,picche,6
output_cut_simple_cards\586.jpg,picche,6
output_cut_simple_cards\587.jpg,picche,6
output_cut_simple_cards\588.jpg,picche,6
output_cut_simple_cards\589.jpg,picche,6
output_cut_simple_cards\590.jpg,picche,6
output_cut_simple_cards\591.jpg,picche,6
output_cut_simple_cards\592.jpg,picche,6
output_cut_simple_cards\593.jpg,picche,6
output_cut_simple_cards\594.jpg,picche,6
output_cut_simple_cards\595.jpg,picche,6
output_cut_simple_cards\596.jpg,picche,6
output_cut_simple_cards\597.jpg,picche,6
output_cut_simple_cards\598.jpg,picche,6
output_cut_simple_cards\599.jpg,picche,6
output_cut_simple_cards\600.jpg,fiori,7
output_cut_simple_cards\601.jpg,fiori,7
output_cut_simple_cards\602.jpg,fiori,7
output_cut_simple_cards\603.jpg,fiori,7
output_cut_simple_cards\604.jpg,fiori,7
output_cut_simple_cards\605.jpg,fiori,7
output_cut_simple_cards\606.jpg,fiori,7
output_cut_simple_cards\607.jpg,fiori,7
output_cut_simple_cards\608.jpg,fiori,7
output_cut_simple_cards\609.jpg,fiori,7
output_cut_simple_cards\610.jpg,fiori,7
output_cut_simple_cards\611.jpg,fiori,7
output_cut_simple_cards\612.jpg,fiori,7
output_cut_simple_cards\613.jpg,fiori,7
output_cut_simple_cards\614.jpg,fiori,7
output_cut_simple_cards\615.jpg,fiori,7
output_cut_simple_cards\616.jpg,fiori,7
output_cut_simple_cards\617.jpg,fiori,7
output_cut_simple_cards\618.jpg,fiori,7
output_cut_simple_cards\619.jpg,fiori,7
output_cut_simple_cards\620.jpg,fiori,7
output_cut_simple_cards\621.jpg,fiori,7
output_cut_simple_cards\622.jpg,fiori,7
output_cut_simple_cards\623.jpg,fiori,7
output_cut_simple_cards\624.jpg,fiori,7
output_cut_simple_cards\625.jpg,quadri,7
output_cut_simple_cards\626.jpg,quadri,7
output_cut_simple_cards\627.jpg,quadri,7
output_cut_simple_cards\628.jpg,quadri,7
output_cut_simple_cards\629.jpg,quadri,7
output_cut_simple_cards\630.jpg,quadri,7
output_cut_simple_cards\631.jpg,quadri,7
output_cut_simple_cards\632.jpg,quadri,7
output_cut_simple_cards\633.jpg,quadri,7
output_cut_simple_cards\634.jpg,quadri,7
output_cut_simple_cards\635.jpg,quadri,7
output_cut_simple_cards\636.jpg,quadri,7
output_cut_simple_cards\637.jpg,quadri,7
output_cut_simple_cards\638.jpg,quadri,7
output_cut_simple_cards\639.jpg,quadri,7
output_cut_simple_cards\640.jpg,quadri,7
output_cut_simple_cards\641.jpg,quadri,7
output_cut_simple_cards\642.jpg,quadri,7
output_cut_simple_cards\643.jpg,quadri,7
output_cut_simple_cards\644.jpg,quadri,7
output_cut_simple_cards\645.jpg,quadri,7
output_cut_simple_cards\646.jpg,quadri,7
output_cut_simple_cards\647.jpg,quadri,7
output_cut_simple_cards\648.jpg,quadri,7
output_cut_simple_cards\649.jpg,quadri,7
output_cut_simple_cards\650.jpg,cuori,7
output_cut_simple_cards\651.jpg,cuori,7
output_cut_simple_cards\652.jpg,cuori,7
output_cut_simple_cards\653.jpg,cuori,7
output_cut_simple_cards\654.jpg,cuori,7
output_cut_simple_cards\655.jpg,cuori,7
output_cut_simple_cards\656.jpg,cuori,7
output_cut_simple_cards\657.jpg,cuori,7
output_cut_simple_cards\658.jpg,cuori,7
output_cut_simple_cards\659.jpg,cuori,7
output_cut_simple_cards\660.jpg,cuori,7
output_cut_simple_cards\661.jpg,cuori,7
output_cut_simple_cards\662.jpg,cuori,7
output_cut_simple_cards\663.jpg,cuori,7
output_cut_simple_cards\664.jpg,cuori,7
output_cut_simple_cards\665.jpg,cuori,7
output_cut_simple_cards\666.jpg,cuori,7
output_cut_simple_cards\667.jpg,cuori,7
output_cut_simple_cards\668.jpg,cuori,7
output_cut_simple_cards\669.jpg,cuori,7
output_cut_simple_cards\670.jpg,cuori,7
output_cut_simple_cards\671.jpg,cuori,7
output_cut_simple_cards\672.jpg,cuori,7
output_cut_simple_cards\673.jpg,cuori,7
output_cut_simple_cards\674.jpg,cuori,7
output_cut_simple_cards\675.jpg,picche,7
output_cut_simple_cards\676.jpg,picche,7
output_cut_simple_cards\677.jpg,picche,7
output_cut_simple_cards\678.jpg,picche,7
output_cut_simple_cards\679.jpg,picche,7
output_cut_simple_cards\680.jpg,picche,7
output_cut_simple_cards\681.jpg,picche,7
output_cut_simple_cards\682.jpg,picche,7
output_cut_simple_cards\683.jpg,picche,7
output_cut_simple_cards\684.jpg,picche,7
output_cut_simple_cards\685.jpg,picche,7
output_cut_simple_cards\686.jpg,picche,7
output_cut_simple_cards\687.jpg,picche,7
output_cut_simple_cards\688.jpg,picche,7
output_cut_simple_cards\689.jpg,picche,7
output_cut_simple_cards\690.jpg,picche,7
output_cut_simple_cards\691.jpg,picche,7
output_cut_simple_cards\692.jpg,picche,7
output_cut_simple_cards\693.jpg,picche,7
output_cut_simple_cards\694.jpg,picche,7
output_cut_simple_cards\695.jpg,picche,7
output_cut_simple_cards\696.jpg,picche,7
output_cut_simple_cards\697.jpg,picche,7
output_cut_simple_cards\698.jpg,picche,7
output_cut_simple_cards\699.jpg,picche,7
output_cut_simple_cards\700.jpg,fiori,8
output_cut_simple_cards\701.jpg,fiori,8
output_cut_simple_cards\702.jpg,fiori,8
output_cut_simple_cards\703.jpg,fiori,8
output_cut_simple_cards\704.jpg,fiori,8
output_cut_simple_cards\705.jpg,fiori,8
output_cut_simple_cards\706.jpg,fiori,8
output_cut_simple_cards\707.jpg,fiori,8
output_cut_simple_cards\708.jpg,fiori,8
output_cut_simple_cards\709.jpg,fiori,8
output_cut_simple_cards\710.jpg,fiori,8
output_cut_simple_cards\711.jpg,fiori,8
output_cut_simple_cards\712.jpg,fiori,8
output_cut_simple_cards\713.jpg,fiori,8
output_cut_simple_cards\714.jpg,fiori,8
output_cut_simple_cards\715.jpg,fiori,8
output_cut_simple_cards\716.jpg,fiori,8
output_cut_simple_cards\717.jpg,fiori,8
output_cut_simple_cards\718.jpg,fiori,8
output_cut_simple_cards\719.jpg,fiori,8
output_cut_simple_cards\720.jpg,fiori,8
output_cut_simple_cards\721.jpg,fiori,8
output_cut_simple_cards\722.jpg,fiori,8
output_cut_simple_cards\723.jpg,fiori,8
output_cut_simple_cards\724.jpg,fiori,8
output_cut_simple_cards\725.jpg,quadri,8
output_cut_simple_cards\726.jpg,quadri,8
output_cut_simple_cards\727.jpg,quadri,8
output_cut_simple_cards\728.jpg,quadri,8
output_cut_simple_cards\729.jpg,quadri,8
output_cut_simple_cards\730.jpg,quadri,8
output_cut_simple_cards\731.jpg,quadri,8
output_cut_simple_cards\732.jpg,quadri,8
output_cut_simple_cards\733.jpg,quadri,8
output_cut_simple_cards\734.jpg,quadri,8
output_cut_simple_cards\735.jpg,quadri,8
output_cut_simple_cards\736.jpg,quadri,8
output_cut_simple_cards\737.jpg,quadri,8
output_cut_simple_cards\738.jpg,quadri,8
output_cut_simple_cards\739.jpg,quadri,8
output_cut_simple_cards\740.jpg,quadri,8
output_cut_simple_cards\741.jpg,quadri,8
output_cut_simple_cards\742.jpg,quadri,8
output_cut_simple_cards\743.jpg,quadri,8
output_cut_simple_cards\744.jpg,quadri,8
output_cut_simple_cards\745.jpg,quadri,8
output_cut_simple_cards\746.jpg,quadri,8
output_cut_simple_cards\747.jpg,quadri,8
output_cut_simple_cards\748.jpg,quadri,8
output_cut_simple_cards\749.jpg,quadri,8
output_cut_simple_cards\750.jpg,cuori,8
output_cut_simple_cards\751.jpg,cuori,8
output_cut_simple_cards\752.jpg,cuori,8
output_cut_simple_cards\753.jpg,cuori,8
output_cut_simple_cards\754.jpg,cuori,8
output_cut_simple_cards\755.jpg,cuori,8
output_cut_simple_cards\756.jpg,cuori,8
output_cut_simple_cards\757.jpg,cuori,8
output_cut_simple_cards\758.jpg,cuori,8
output_cut_simple_cards\759.jpg,cuori,8
output_cut_simple_cards\760.jpg,cuori,8
output_cut_simple_cards\761.jpg,cuori,8
output_cut_simple_cards\762.jpg,cuori,8
output_cut_simple_cards\763.jpg,cuori,8
output_cut_simple_cards\764.jpg,cuori,8
output_cut_simple_cards\765.jpg,cuori,8
output_cut_simple_cards\766.jpg,cuori,8
output_cut_simple_cards\767.jpg,cuori,8
output_cut_simple_cards\768.jpg,cuori,8
output_cut_simple_cards\769.jpg,cuori,8
output_cut_simple_cards\770.jpg,cuori,8
output_cut_simple_cards\771.jpg,cuori,8
output_cut_simple_cards\772.jpg,cuori,8
output_cut_simple_cards\773.jpg,cuori,8
output_cut_simple_cards\774.jpg,cuori,8
output_cut_simple_cards\775.jpg,picche,8
output_cut_simple_cards\776.jpg,picche,8
output_cut_simple_cards\777.jpg,picche,8
output_cut_simple_cards\778.jpg,picche,8
output_cut_simple_cards\779.jpg,picche,8
output_cut_simple_cards\780.jpg,picche,8
output_cut_simple_cards\781.jpg,picche,8
output_cut_simple_cards\782.jpg,picche,8
output_cut_simple_cards\783.jpg,picche,8
output_cut_simple_cards\784.jpg,picche,8
output_cut_simple_cards\785.jpg,picche,8
output_cut_simple_cards\786.jpg,picche,8
output_cut_simple_cards\787.jpg,picche,8
output_cut_simple_cards\788.jpg,picche,8
output_cut_simple_cards\789.jpg,picche,8
output_cut_simple_cards\790.jpg,picche,8
output_cut_simple_cards\791.jpg,picche,8
output_cut_simple_cards\792.jpg,picche,8
output_cut_simple_cards\793.jpg,picche,8
output_cut_simple_cards\794.jpg,picche,8
output_cut_simple_cards\795.jpg,picche,8
output_cut_simple_cards\796.jpg,picche,8
output_cut_simple_cards\797.jpg,picche,8
output_cut_simple_cards\798.jpg,picche,8
output_cut_simple_cards\799.jpg,picche,8
output_cut_simple_cards\800.jpg,fiori,9
output_cut_simple_cards\801.jpg,fiori,9
output_cut_simple_cards\802.jpg,fiori,9
output_cut_simple_cards\803.jpg,fiori,9
output_cut_simple_cards\804.jpg,fiori,9
output_cut_simple_cards\805.jpg,fiori,9
output_cut_simple_cards\806.jpg,fiori,9
output_cut_simple_cards\807.jpg,fiori,9
output_cut_simple_cards\808.jpg,fiori,9
output_cut_simple_cards\809.jpg,fiori,9
output_cut_simple_cards\810.jpg,fiori,9
output_cut_simple_cards\811.jpg,fiori,9
output_cut_simple_cards\812.jpg,fiori,9
output_cut_simple_cards\813.jpg,fiori,9
output_cut_simple_cards\814.jpg,fiori,9
output_cut_simple_cards\815.jpg,fiori,9
output_cut_simple_cards\816.jpg,fiori,9
output_cut_simple_cards\817.jpg,fiori,9
output_cut_simple_cards\818.jpg,fiori,9
output_cut_simple_cards\819.jpg,fiori,9
output_cut_simple_cards\820.jpg,fiori,9
output_cut_simple_cards\821.jpg,fiori,9
output_cut_simple_cards\822.jpg,fiori,9
output_cut_simple_cards\823.jpg,fiori,9
output_cut_simple_cards\824.jpg,fiori,9
output_cut_simple_cards\825.jpg,quadri,9
output_cut_simple_cards\826.jpg,quadri,9
output_cut_simple_cards\827.jpg,quadri,9
output_cut_simple_cards\828.jpg,quadri,9
output_cut_simple_cards\829.jpg,quadri,9
output_cut_simple_cards\830.jpg,quadri,9
output_cut_simple_cards\831.jpg,quadri,9
output_cut_simple_cards\832.jpg,quadri,9
output_cut_simple_cards\833.jpg,quadri,9
output_cut_simple_cards\834.jpg,quadri,9
output_cut_simple_cards\835.jpg,quadri,9
output_cut_simple_cards\836.jpg,quadri,9
output_cut_simple_cards\837.jpg,quadri,9
output_cut_simple_cards\838.jpg,quadri,9
output_cut_simple_cards\839.jpg,quadri,9
output_cut_simple_cards\840.jpg,quadri,9
output_cut_simple_cards\841.jpg,quadri,9
output_cut_simple_cards\842.jpg,quadri,9
output_cut_simple_cards\843.jpg,quadri,9
output_cut_simple_cards\844.jpg,quadri,9
output_cut_simple_cards\845.jpg,quadri,9
output_cut_simple_cards\846.jpg,quadri,9
output_cut_simple_cards\847.jpg,quadri,9
output_cut_simple_cards\848.jpg,quadri,9
output_cut_simple_cards\849.jpg,quadri,9
output_cut_simple_cards\850.jpg,cuori,9
output_cut_simple_cards\851.jpg,cuori,9
output_cut_simple_cards\852.jpg,cuori,9
output_cut_simple_cards\853.jpg,cuori,9
output_cut_simple_cards\854.jpg,cuori,9
output_cut_simple_cards\855.jpg,cuori,9
output_cut_simple_cards\856.jpg,cuori,9
output_cut_simple_cards\857.jpg,cuori,9
output_cut_simple_cards\858.jpg,cuori,9
output_cut_simple_cards\859.jpg,cuori,9
output_cut_simple_cards\860.jpg,cuori,9
output_cut_simple_cards\861.jpg,cuori,9
output_cut_simple_cards\862.jpg,cuori,9
output_cut_simple_cards\863.jpg,cuori,9
output_cut_simple_cards\864.jpg,cuori,9
output_cut_simple_cards\865.jpg,cuori,9
output_cut_simple_cards\866.jpg,cuori,9
output_cut_simple_cards\867.jpg,cuori,9
output_cut_simple_cards\868.jpg,cuori,9
output_cut_simple_cards\869.jpg,cuori,9
output_cut_simple_cards\870.jpg,cuori,9
output_cut_simple_cards\871.jpg,cuori,9
output_cut_simple_cards\872.jpg,cuori,9
output_cut_simple_cards\873.jpg,cuori,9
output_cut_simple_cards\874.jpg,cuori,9
output_cut_simple_cards\875.jpg,picche,9
output_cut_simple_cards\876.jpg,picche,9
output_cut_simple_cards\877.jpg,picche,9
output_cut_simple_cards\878.jpg,picche,9
output_cut_simple_cards\879.jpg,picche,9
output_cut_simple_cards\880.jpg,picche,9
output_cut_simple_cards\881.jpg,picche,9
output_cut_simple_cards\882.jpg,picche,9
output_cut_simple_cards\883.jpg,picche,9
output_cut_simple_cards\884.jpg,picche,9
output_cut_simple_cards\885.jpg,picche,9
output_cut_simple_cards\886.jpg,picche,9
output_cut_simple_cards\887.jpg,picche,9
output_cut_simple_cards\888.jpg,picche,9
output_cut_simple_cards\889.jpg,picche,9
output_cut_simple_cards\890.jpg,picche,9
output_cut_simple_cards\891.jpg,picche,9
output_cut_simple_cards\892.jpg,picche,9
output_cut_simple_cards\893.jpg,picche,9
output_cut_simple_cards\894.jpg,picche,9
output_cut_simple_cards\895.jpg,picche,9
output_cut_simple_cards\896.jpg,picche,9
output_cut_simple_cards\897.jpg,picche,9
output_cut_simple_cards\898.jpg,picche,9
output_cut_simple_cards\899.jpg,picche,9
output_cut_simple_cards\900.jpg,fiori,A
output_cut_simple_cards\901.jpg,fiori,A
output_cut_simple_cards\902.jpg,fiori,A
output_cut_simple_cards\903.jpg,fiori,A
output_cut_simple_cards\904.jpg,fiori,A
output_cut_simple_cards\905.jpg,fiori,A
output_cut_simple_cards\906.jpg,fiori,A
output_cut_simple_cards\907.jpg,fiori,A
output_cut_simple_cards\908.jpg,fiori,A
output_cut_simple_cards\909.jpg,fiori,A
output_cut_simple_cards\910.jpg,fiori,A
output_cut_simple_cards\911.jpg,fiori,A
output_cut_simple_cards\912.jpg,fiori,A
output_cut_simple_cards\913.jpg,fiori,A
output_cut_simple_cards\914.jpg,fiori,A
output_cut_simple_cards\915.jpg,fiori,A
output_cut_simple_cards\916.jpg,fiori,A
output_cut_simple_cards\917.jpg,fiori,A
output_cut_simple_cards\918.jpg,fiori,A
output_cut_simple_cards\919.jpg,fiori,A
output_cut_simple_cards\920.jpg,fiori,A
output_cut_simple_cards\921.jpg,fiori,A
output_cut_simple_cards\922.jpg,fiori,A
output_cut_simple_cards\923.jpg,fiori,A
output_cut_simple_cards\924.jpg,fiori,A
output_cut_simple_cards\925.jpg,quadri,A
output_cut_simple_cards\926.jpg,quadri,A
output_cut_simple_cards\927.jpg,quadri,A
output_cut_simple_cards\928.jpg,quadri,A
output_cut_simple_cards\929.jpg,quadri,A
output_cut_simple_cards\930.jpg,quadri,A
output_cut_simple_cards\931.jpg,quadri,A
output_cut_simple_cards\932.jpg,quadri,A
output_cut_simple_cards\933.jpg,quadri,A
output_cut_simple_cards\934.jpg,quadri,A
output_cut_simple_cards\935.jpg,quadri,A
output_cut_simple_cards\936.jpg,quadri,A
output_cut_simple_cards\937.jpg,quadri,A
output_cut_simple_cards\938.jpg,quadri,A
output_cut_simple_cards\939.jpg,quadri,A
output_cut_simple_cards\940.jpg,quadri,A
output_cut_simple_cards\941.jpg,quadri,A
output_cut_simple_cards\942.jpg,quadri,A
output_cut_simple_cards\943.jpg,quadri,A
output_cut_simple_cards\944.jpg,quadri,A
output_cut_simple_cards\945.jpg,quadri,A
output_cut_simple_cards\946.jpg,quadri,A
output_cut_simple_cards\947.jpg,quadri,A
output_cut_simple_cards\948.jpg,quadri,A
output_cut_simple_cards\949.jpg,quadri,A
output_cut_simple_cards\950.jpg,cuori,A
output_cut_simple_cards\951.jpg,cuori,A
output_cut_simple_cards\952.jpg,cuori,A
output_cut_simple_cards\953.jpg,cuori,A
output_cut_simple_cards\954.jpg,cuori,A
output_cut_simple_cards\955.jpg,cuori,A
output_cut_simple_cards\956.jpg,cuori,A
output_cut_simple_cards\957.jpg,cuori,A
output_cut_simple_cards\958.jpg,cuori,A
output_cut_simple_cards\959.jpg,cuori,A
output_cut_simple_cards\960.jpg,cuori,A
output_cut_simple_cards\961.jpg,cuori,A
output_cut_simple_cards\962.jpg,cuori,A
output_cut_simple_cards\963.jpg,cuori,A
output_cut_simple_cards\964.jpg,cuori,A
output_cut_simple_cards\965.jpg,cuori,A
output_cut_simple_cards\966.jpg,cuori,A
output_cut_simple_cards\967.jpg,cuori,A
output_cut_simple_cards\968.jpg,cuori,A
output_cut_simple_cards\969.jpg,cuori,A
output_cut_simple_cards\970.jpg,cuori,A
output_cut_simple_cards\971.jpg,cuori,A
output_cut_simple_cards\972.jpg,cuori,A
output_cut_simple_cards\973.jpg,cuori,A
output_cut_simple_cards\974.jpg,cuori,A
output_cut_simple_cards\975.jpg,picche,A
output_cut_simple_cards\976.jpg,picche,A
output_cut_simple_cards\977.jpg,picche,A
output_cut_simple_cards\978.jpg,picche,A
output_cut_simple_cards\979.jpg,picche,A
output_cut_simple_cards\980.jpg,picche,A
output_cut_simple_cards\981.jpg,picche,A
output_cut_simple_cards\982.jpg,picche,A
output_cut_simple_cards\983.jpg,picche,A
output_cut_simple_cards\984.jpg,picche,A
output_cut_simple_cards\985.jpg,picche,A
output_cut_simple_cards\986.jpg,picche,A
output_cut_simple_cards\987.jpg,picche,A
output_cut_simple_cards\988.jpg,picche,A
output_cut_simple_cards\989.jpg,picche,A
output_cut_simple_cards\990.jpg,picche,A
output_cut_simple_cards\991.jpg,picche,A
output_cut_simple_cards\992.jpg,picche,A
output_cut_simple_cards\993.jpg,picche,A
output_cut_simple_cards\994.jpg,picche,A
output_cut_simple_cards\995.jpg,picche,A
output_cut_simple_cards\996.jpg,picche,A
output_cut_simple_cards\997.jpg,picche,A
output_cut_simple_cards\998.jpg,picche,A
output_cut_simple_cards\999.jpg,picche,A
output_cut_simple_cards\1000.jpg,fiori,J
output_cut_simple_cards\1001.jpg,fiori,J
output_cut_simple_cards\1002.jpg,fiori,J
output_cut_simple_cards\1003.jpg,fiori,J
output_cut_simple_cards\1004.jpg,fiori,J
output_cut_simple_cards\1005.jpg,fiori,J
output_cut_simple_cards\1006.jpg,fiori,J
output_cut_simple_cards\1007.jpg,fiori,J
output_cut_simple_cards\1008.jpg,fiori,J
output_cut_simple_cards\1009.jpg,fiori,J
output_cut_simple_cards\1010.jpg,fiori,J
output_cut_simple_cards\1011.jpg,fiori,J
output_cut_simple_cards\1012.jpg,fiori,J
output_cut_simple_cards\1013.jpg,fiori,J
output_cut_simple_cards\1014.jpg,fiori,J
output_cut_simple_cards\1015.jpg,fiori,J
output_cut_simple_cards\1016.jpg,fiori,J
output_cut_simple_cards\1017.jpg,fiori,J
output_cut_simple_cards\1018.jpg,fiori,J
output_cut_simple_cards\1019.jpg,fiori,J
output_cut_simple_cards\1020.jpg,fiori,J
output_cut_simple_cards\1021.jpg,fiori,J
output_cut_simple_cards\1022.jpg,fiori,J
output_cut_simple_cards\1023.jpg,fiori,J
output_cut_simple_cards\1024.jpg,fiori,J
output_cut_simple_cards\1025.jpg,quadri,J
output_cut_simple_cards\1026.jpg,quadri,J
output_cut_simple_cards\1027.jpg,quadri,J
output_cut_simple_cards\1028.jpg,quadri,J
output_cut_simple_cards\1029.jpg,quadri,J
output_cut_simple_cards\1030.jpg,quadri,J
output_cut_simple_cards\1031.jpg,quadri,J
output_cut_simple_cards\1032.jpg,quadri,J
output_cut_simple_cards\1033.jpg,quadri,J
output_cut_simple_cards\1034.jpg,quadri,J
output_cut_simple_cards\1035.jpg,quadri,J
output_cut_simple_cards\1036.jpg,quadri,J
output_cut_simple_cards\1037.jpg,quadri,J
output_cut_simple_cards\1038.jpg,quadri,J
output_cut_simple_cards\1039.jpg,quadri,J
output_cut_simple_cards\1040.jpg,quadri,J
output_cut_simple_cards\1041.jpg,quadri,J
output_cut_simple_cards\1042.jpg,quadri,J
output_cut_simple_cards\1043.jpg,quadri,J
output_cut_simple_cards\1044.jpg,quadri,J
output_cut_simple_cards\1045.jpg,quadri,J
output_cut_simple_cards\1046.jpg,quadri,J
output_cut_simple_cards\1047.jpg,quadri,J
output_cut_simple_cards\1048.jpg,quadri,J
output_cut_simple_cards\1049.jpg,quadri,J
output_cut_simple_cards\1050.jpg,cuori,J
output_cut_simple_cards\1051.jpg,cuori,J
output_cut_simple_cards\1052.jpg,cuori,J
output_cut_simple_cards\1053.jpg,cuori,J
output_cut_simple_cards\1054.jpg,cuori,J
output_cut_simple_cards\1055.jpg,cuori,J
output_cut_simple_cards\1056.jpg,cuori,J
output_cut_simple_cards\1057.jpg,cuori,J
output_cut_simple_cards\1058.jpg,cuori,J
output_cut_simple_cards\1059.jpg,cuori,J
output_cut_simple_cards\1060.jpg,cuori,J
output_cut_simple_cards\1061.jpg,cuori,J
output_cut_simple_cards\1062.jpg,cuori,J
output_cut_simple_cards\1063.jpg,cuori,J
output_cut_simple_cards\1064.jpg,cuori,J
output_cut_simple_cards\1065.jpg,cuori,J
output_cut_simple_cards\1066.jpg,cuori,J
output_cut_simple_cards\1067.jpg,cuori,J
output_cut_simple_cards\1068.jpg,cuori,J
output_cut_simple_cards\1069.jpg,cuori,J
output_cut_simple_cards\1070.jpg,cuori,J
output_cut_simple_cards\1071.jpg,cuori,J
output_cut_simple_cards\1072.jpg,cuori,J
output_cut_simple_cards\1073.jpg,cuori,J
output_cut_simple_cards\1074.jpg,cuori,J
output_cut_simple_cards\1075.jpg,picche,J
output_cut_simple_cards\1076.jpg,picche,J
output_cut_simple_cards\1077.jpg,picche,J
output_cut_simple_cards\1078.jpg,picche,J
output_cut_simple_cards\1079.jpg,picche,J
output_cut_simple_cards\1080.jpg,picche,J
output_cut_simple_cards\1081.jpg,picche,J
output_cut_simple_cards\1082.jpg,picche,J
output_cut_simple_cards\1083.jpg,picche,J
output_cut_simple_cards\1084.jpg,picche,J
output_cut_simple_cards\1085.jpg,picche,J
output_cut_simple_cards\1086.jpg,picche,J
output_cut_simple_cards\1087.jpg,picche,J
output_cut_simple_cards\1088.jpg,picche,J
output_cut_simple_cards\1089.jpg,picche,J
output_cut_simple_cards\1090.jpg,picche,J
output_cut_simple_cards\1091.jpg,picche,J
output_cut_simple_cards\1092.jpg,picche,J
output_cut_simple_cards\1093.jpg,picche,J
output_cut_simple_cards\1094.jpg,picche,J
output_cut_simple_cards\1095.jpg,picche,J
output_cut_simple_cards\1096.jpg,picche,J
output_cut_simple_cards\1097.jpg,picche,J
output_cut_simple_cards\1098.jpg,picche,J
output_cut_simple_cards\1099.jpg,picche,J
output_cut_simple_cards\1100.jpg,fiori,K
output_cut_simple_cards\1101.jpg,fiori,K
output_cut_simple_cards\1102.jpg,fiori,K
output_cut_simple_cards\1103.jpg,fiori,K
output_cut_simple_cards\1104.jpg,fiori,K
output_cut_simple_cards\1105.jpg,fiori,K
output_cut_simple_cards\1106.jpg,fiori,K
output_cut_simple_cards\1107.jpg,fiori,K
output_cut_simple_cards\1108.jpg,fiori,K
output_cut_simple_cards\1109.jpg,fiori,K
output_cut_simple_cards\1110.jpg,fiori,K
output_cut_simple_cards\1111.jpg,fiori,K
output_cut_simple_cards\1112.jpg,fiori,K
output_cut_simple_cards\1113.jpg,fiori,K
output_cut_simple_cards\1114.jpg,fiori,K
output_cut_simple_cards\1115.jpg,fiori,K
output_cut_simple_cards\1116.jpg,fiori,K
output_cut_simple_cards\1117.jpg,fiori,K
output_cut_simple_cards\1118.jpg,fiori,K
output_cut_simple_cards\1119.jpg,fiori,K
output_cut_simple_cards\1120.jpg,fiori,K
output_cut_simple_cards\1121.jpg,fiori,K
output_cut_simple_cards\1122.jpg,fiori,K
output_cut_simple_cards\1123.jpg,fiori,K
output_cut_simple_cards\1124.jpg,fiori,K
output_cut_simple_cards\1125.jpg,quadri,K
output_cut_simple_cards\1126.jpg,quadri,K
output_cut_simple_cards\1127.jpg,quadri,K
output_cut_simple_cards\1128.jpg,quadri,K
output_cut_simple_cards\1129.jpg,quadri,K
output_cut_simple_cards\1130.jpg,quadri,K
output_cut_simple_cards\1131.jpg,quadri,K
output_cut_simple_cards\1132.jpg,quadri,K
output_cut_simple_cards\1133.jpg,quadri,K
output_cut_simple_cards\1134.jpg,quadri,K
output_cut_simple_cards\1135.jpg,quadri,K
output_cut_simple_cards\1136.jpg,quadri,K
output_cut_simple_cards\1137.jpg,quadri,K
output_cut_simple_cards\1138.jpg,quadri,K
output_cut_simple_cards\1139.jpg,quadri,K
output_cut_simple_cards\1140.jpg,quadri,K
output_cut_simple_cards\1141.jpg,quadri,K
output_cut_simple_cards\1142.jpg,quadri,K
output_cut_simple_cards\1143.jpg,quadri,K
output_cut_simple_cards\1144.jpg,quadri,K
output_cut_simple_cards\1145.jpg,quadri,K
output_cut_simple_cards\1146.jpg,quadri,K
output_cut_simple_cards\1147.jpg,quadri,K
output_cut_simple_cards\1148.jpg,quadri,K
output_cut_simple_cards\1149.jpg,quadri,K
output_cut_simple_cards\1150.jpg,cuori,K
output_cut_simple_cards\1151.jpg,cuori,K
output_cut_simple_cards\1152.jpg,cuori,K
output_cut_simple_cards\1153.jpg,cuori,K
output_cut_simple_cards\1154.jpg,cuori,K
output_cut_simple_cards\1155.jpg,cuori,K
output_cut_simple_cards\1156.jpg,cuori,K
output_cut_simple_cards\1157.jpg,cuori,K
output_cut_simple_cards\1158.jpg,cuori,K
output_cut_simple_cards\1159.jpg,cuori,K
output_cut_simple_cards\1160.jpg,cuori,K
output_cut_simple_cards\1161.jpg,cuori,K
output_cut_simple_cards\1162.jpg,cuori,K
output_cut_simple_cards\1163.jpg,cuori,K
output_cut_simple_cards\1164.jpg,cuori,K
output_cut_simple_cards\1165.jpg,cuori,K
output_cut_simple_cards\1166.jpg,cuori,K
output_cut_simple_cards\1167.jpg,cuori,K
output_cut_simple_cards\1168.jpg,cuori,K
output_cut_simple_cards\1169.jpg,cuori,K
output_cut_simple_cards\1170.jpg,cuori,K
output_cut_simple_cards\1171.jpg,cuori,K
output_cut_simple_cards\1172.jpg,cuori,K
output_cut_simple_cards\1173.jpg,cuori,K
output_cut_simple_cards\1174.jpg,cuori,K
output_cut_simple_cards\1175.jpg,picche,K
output_cut_simple_cards\1176.jpg,picche,K
output_cut_simple_cards\1177.jpg,picche,K
output_cut_simple_cards\1178.jpg,picche,K
output_cut_simple_cards\1179.jpg,picche,K
output_cut_simple_cards\1180.jpg,picche,K
output_cut_simple_cards\1181.jpg,picche,K
output_cut_simple_cards\1182.jpg,picche,K
output_cut_simple_cards\1183.jpg,picche,K
output_cut_simple_cards\1184.jpg,picche,K
output_cut_simple_cards\1185.jpg,picche,K
output_cut_simple_cards\1186.jpg,picche,K
output_cut_simple_cards\1187.jpg,picche,K
output_cut_simple_cards\1188.jpg,picche,K
output_cut_simple_cards\1189.jpg,picche,K
output_cut_simple_cards\1190.jpg,picche,K
output_cut_simple_cards\1191.jpg,picche,K
output_cut_simple_cards\1192.jpg,picche,K
output_cut_simple_cards\1193.jpg,picche,K
output_cut_simple_cards\1194.jpg,picche,K
output_cut_simple_cards\1195.jpg,picche,K
output_cut_simple_cards\1196.jpg,picche,K
output_cut_simple_cards\1197.jpg,picche,K
output_cut_simple_cards\1198.jpg,picche,K
output_cut_simple_cards\1199.jpg,picche,K
output_cut_simple_cards\1200.jpg,fiori,Q
output_cut_simple_cards\1201.jpg,fiori,Q
output_cut_simple_cards\1202.jpg,fiori,Q
output_cut_simple_cards\1203.jpg,fiori,Q
output_cut_simple_cards\1204.jpg,fiori,Q
output_cut_simple_cards\1205.jpg,fiori,Q
output_cut_simple_cards\1206.jpg,fiori,Q
output_cut_simple_cards\1207.jpg,fiori,Q
output_cut_simple_cards\1208.jpg,fiori,Q
output_cut_simple_cards\1209.jpg,fiori,Q
output_cut_simple_cards\1210.jpg,fiori,Q
output_cut_simple_cards\1211.jpg,fiori,Q
output_cut_simple_cards\1212.jpg,fiori,Q
output_cut_simple_cards\1213.jpg,fiori,Q
output_cut_simple_cards\1214.jpg,fiori,Q
output_cut_simple_cards\1215.jpg,fiori,Q
output_cut_simple_cards\1216.jpg,fiori,Q
output_cut_simple_cards\1217.jpg,fiori,Q
output_cut_simple_cards\1218.jpg,fiori,Q
output_cut_simple_cards\1219.jpg,fiori,Q
output_cut_simple_cards\1220.jpg,fiori,Q
output_cut_simple_cards\1221.jpg,fiori,Q
output_cut_simple_cards\1222.jpg,fiori,Q
output_cut_simple_cards\1223.jpg,fiori,Q
output_cut_simple_cards\1224.jpg,fiori,Q
output_cut_simple_cards\1225.jpg,quadri,Q
output_cut_simple_cards\1226.jpg,quadri,Q
output_cut_simple_cards\1227.jpg,quadri,Q
output_cut_simple_cards\1228.jpg,quadri,Q
output_cut_simple_cards\1229.jpg,quadri,Q
output_cut_simple_cards\1230.jpg,quadri,Q
output_cut_simple_cards\1231.jpg,quadri,Q
output_cut_simple_cards\1232.jpg,quadri,Q
output_cut_simple_cards\1233.jpg,quadri,Q
output_cut_simple_cards\1234.jpg,quadri,Q
output_cut_simple_cards\1235.jpg,quadri,Q
output_cut_simple_cards\1236.jpg,quadri,Q
output_cut_simple_cards\1237.jpg,quadri,Q
output_cut_simple_cards\1238.jpg,quadri,Q
output_cut_simple_cards\1239.jpg,quadri,Q
output_cut_simple_cards\1240.jpg,quadri,Q
output_cut_simple_cards\1241.jpg,quadri,Q
output_cut_simple_cards\1242.jpg,quadri,Q
output_cut_simple_cards\1243.jpg,quadri,Q
output_cut_simple_cards\1244.jpg,quadri,Q
output_cut_simple_cards\1245.jpg,quadri,Q
output_cut_simple_cards\1246.jpg,quadri,Q
output_cut_simple_cards\1247.jpg,quadri,Q
output_cut_simple_cards\1248.jpg,quadri,Q
output_cut_simple_cards\1249.jpg,quadri,Q
output_cut_simple_cards\1250.jpg,cuori,Q
output_cut_simple_cards\1251.jpg,cuori,Q
output_cut_simple_cards\1252.jpg,cuori,Q
output_cut_simple_cards\1253.jpg,cuori,Q
output_cut_simple_cards\1254.jpg,cuori,Q
output_cut_simple_cards\1255.jpg,cuori,Q
output_cut_simple_cards\1256.jpg,cuori,Q
output_cut_simple_cards\1257.jpg,cuori,Q
output_cut_simple_cards\1258.jpg,cuori,Q
output_cut_simple_cards\1259.jpg,cuori,Q
output_cut_simple_cards\1260.jpg,cuori,Q
output_cut_simple_cards\1261.jpg,cuori,Q
output_cut_simple_cards\1262.jpg,cuori,Q
output_cut_simple_cards\1263.jpg,cuori,Q
output_cut_simple_cards\1264.jpg,cuori,Q
output_cut_simple_cards\1265.jpg,cuori,Q
output_cut_simple_cards\1266.jpg,cuori,Q
output_cut_simple_cards\1267.jpg,cuori,Q
output_cut_simple_cards\1268.jpg,cuori,Q
output_cut_simple_cards\1269.jpg,cuori,Q
output_cut_simple_cards\1270.jpg,cuori,Q
output_cut_simple_cards\1271.jpg,cuori,Q
output_cut_simple_cards\1272.jpg,cuori,Q
output_cut_simple_cards\1273.jpg,cuori,Q
output_cut_simple_cards\1274.jpg,cuori,Q
output_cut_simple_cards\1275.jpg,picche,Q
output_cut_simple_cards\1276.jpg,picche,Q
output_cut_simple_cards\1277.jpg,picche,Q
output_cut_simple_cards\1278.jpg,picche,Q
output_cut_simple_cards\1279.jpg,picche,Q
output_cut_simple_cards\1280.jpg,picche,Q
output_cut_simple_cards\1281.jpg,picche,Q
output_cut_simple_cards\1282.jpg,picche,Q
output_cut_simple_cards\1283.jpg,picche,Q
output_cut_simple_cards\1284.jpg,picche,Q
output_cut_simple_cards\1285.jpg,picche,Q
output_cut_simple_cards\1286.jpg,picche,Q
output_cut_simple_cards\1287.jpg,picche,Q
output_cut_simple_cards\1288.jpg,picche,Q
output_cut_simple_cards\1289.jpg,picche,Q
output_cut_simple_cards\1290.jpg,picche,Q
output_cut_simple_cards\1291.jpg,picche,Q
output_cut_simple_cards\1292.jpg,picche,Q
output_cut_simple_cards\1293.jpg,picche,Q
output_cut_simple_cards\1294.jpg,picche,Q
output_cut_simple_cards\1295.jpg,picche,Q
output_cut_simple_cards\1296.jpg,picche,Q
output_cut_simple_cards\1297.jpg,picche,Q
output_cut_simple_cards\1298.jpg,picche,Q
output_cut_simple_cards\1299.jpg,picche,Q
